"cntrID","org_cntr_num","org_1s_sev","org_1s_sup_sev","sup_cntr_num","sup_cntr_avg_price","sup_cntr_avg_penalty","sup_no_pnl_share","sup_okpd_exp","sup_1s_sev","sup_1s_org_sev","sup_sim_price","supType","orgForm","price_higher_pmp","price_too_low","price","pmp","okpd","cntr_result"
1386039,215,0,0,1,340000,0,1,1,0,0,1,3,13,0,0,340000.00,350000.00,"0",1
1386188,1,0,0,1,72105,0,1,1,0,0,1,1,0,0,0,72105.00,73700.00,"0",1
1386231,598,0,0,6,20610,0,1,1,0,0,0.16667,1,0,0,0,29700.00,29700.00,"0",1
1386265,598,0,0,2,9075,0,1,1,0,0,0.5,1,0,0,0,13200.00,13200.00,"0",1
1386228,598,0,0,6,18150,0,1,1,0,0,0.16667,1,0,0,0,26400.00,26400.00,"0",1
1386257,598,0,0,6,18150,0,1,1,0,0,0.16667,1,0,0,0,26400.00,26400.00,"0",1
1387734,177,0,0,3,288539,0,1,1,0,0,0.33333,3,13,0,0,34550.00,34550.00,"0",1
1386800,108,0,0,173,663627,0,1,1,0,0,0.11561,3,19,0,0,664000.00,664000.00,"0",1
1386906,215,0,0,1,686240,0,1,1,0,0,1,3,13,0,0,686240.00,686240.00,"0",1
1387645,2236,0,0,3,782314,0,1,1,0,0,0.33333,3,13,0,0,617948.80,630560.00,"0",1
1386944,598,0,0,2,46750,0,1,1,0,0,0.5,1,0,0,0,60500.00,60500.00,"0",1
1386946,598,0,0,1,48400,0,1,1,0,0,1,1,0,0,0,48400.00,48400.00,"0",1
1386958,598,0,0,1,48400,0,1,1,0,0,1,1,0,0,0,48400.00,48400.00,"0",1
1386969,598,0,0,1,24200,0,1,1,0,0,1,1,0,0,0,24200.00,24200.00,"0",1
1387536,2157,0,0,2,825273,0,1,1,0,0,0.5,3,13,0,0,570000.00,685548.00,"0",1
1387940,19,0,0,3,123104,0,1,1,0,0,0.66667,1,0,0,0,154258.59,204300.00,"0",1
1387908,561,0,0,173,663627,0,1,1,0,0,0.10405,3,19,0,0,150000.00,150000.00,"0",1
1388641,1017,0,0,2,294950,0,1,1,0,0,0.5,3,13,0,0,202102.46,254754.60,"0",1
1388257,2236,0,0,16,1642879,0,1,1,0,0,0.0625,3,31,0,0,2539929.00,2539929.00,"0",1
1386895,259,0.00386,0,1,329000,0,1,1,0,0,1,3,13,0,0,329000.00,420000.00,"0",1
1387049,233,0,0,15,349683,0,1,1,0,0,0.26667,3,13,0,0,264000.00,300000.00,"0",1
1386568,662,0,0,10,636593,0,1,1,0,0,0.3,3,3,0,0,244956.40,249140.00,"0",1
1386880,259,0.00386,0,1,87500,0,1,1,0,0,1,3,13,0,0,87500.00,123500.00,"0",1
1386806,280,0,0,1,393000,0,1,1,0,0,1,3,13,0,0,393000.00,499000.00,"0",1
1386649,662,0,0,1,185000,0,1,1,0,0,1,3,13,0,0,185000.00,249911.14,"0",1
1386855,95,0,0,1,180120,0,1,1,0,0,1,3,13,0,0,180120.00,197070.00,"0",1
1387021,2236,0,0,1,92345,0,1,1,0,0,1,3,13,0,0,92345.00,121900.00,"0",1
1387046,215,0,0,1,336300,0,1,1,0,0,1,3,13,0,0,336300.00,400000.00,"0",1
1387281,215,0,0,2,476471,0,1,1,0,0,1,3,13,0,0,495232.00,499800.00,"0",1
1387373,215,0,0,7,136783,0,1,1,0,0,0.28571,3,13,0,0,181318.80,213000.00,"0",1
1387516,228,0,0,4,93137,0,1,1,0,0,0.25,3,13,0,0,39400.00,50269.92,"0",1
1387957,259,0.00386,0,2,335250,0,1,1,0,0,0.5,3,7,0,0,376500.00,500000.00,"0",1
1387688,325,0,0,2,194500,0,1,1,0,0,0.5,3,7,0,0,155000.00,156000.00,"0",1
1387748,177,0,0,1,9000,0,1,1,0,0,1,3,7,0,1,9000.00,15000.00,"0",1
1388109,177,0,0,2,48900,0,1,1,0,0,0.5,3,7,0,0,1800.00,2000.00,"0",1
1388108,177,0,0,1,19500,0,1,1,0,0,1,3,8,0,0,19500.00,30000.00,"0",1
1388566,177,0,0,1,11688,0,1,1,0,0,1,3,3,0,0,11688.17,16000.00,"0",1
1387679,955,0,0,6,725912,0,1,1,0,0,0.16667,3,13,0,0,36803.00,47000.00,"0",1
1387977,955,0,0,2,68527,0,1,1,0,0,0.5,3,8,0,0,19250.00,22000.00,"0",1
1387776,955,0,0,64,229230,0,1,1,0,0,0.03125,3,13,0,0,21434.40,28000.00,"0",1
1388011,289,0,0,1,49594,0,1,1,0,0,1,3,7,0,0,49594.60,75000.00,"0",1
1387982,955,0,0,21,138555,0,1,1,0,0,0.09524,3,7,0,0,2365.00,2580.00,"0",1
1388031,143,0,0,5,54368,0,1,1,0,0,0.2,3,13,0,0,150000.00,155000.00,"0",1
1387922,337,0.00297,0,1,136540,0,1,1,0,0,1,3,13,0,0,136540.00,150000.00,"0",1
1388587,2157,0,0,14,285805,0,1,1,0,0,0.42857,3,13,0,0,131140.00,135000.00,"0",1
1388618,2236,0,0,2,52397,0,1,1,0,0,0.5,3,13,0,0,83045.00,85000.00,"0",1
1388028,215,0,0,1,101000,0,1,1,0,0,1,1,0,0,0,101000.00,150000.00,"0",1
1388338,2157,0,0,6,146400,0,1,1,0,0,0.16667,3,31,0,0,30400.00,40000.00,"0",1
1388953,177,0,0,1,38932,0,1,1,0,0,1,3,34,0,0,38932.11,40000.00,"0",1
1388701,2236,0,0,43,455408,0,1,1,0,0,0.34884,3,19,0,0,149959.00,150000.00,"0",1
1389248,177,0,0,1,25000,0,1,1,0,0,1,3,13,0,0,25000.00,25000.00,"0",1
1388959,19,0,0,1,16743,0,1,1,0,0,1,3,19,0,0,16743.51,16743.51,"0",1
1388137,95,0,0,5,16324,0,1,1,0,0,0.2,3,19,0,0,29602.97,29602.97,"0",1
1391292,100,0,0,1,2826,0,1,1,0,0,1,3,7,0,0,2826.25,2826.25,"0",1
1388272,172,0,0,2,702450,0,1,1,0,0,0.5,3,7,0,0,804900.00,810800.00,"0",1
1388775,287,0,0,2,871000,0,1,1,0,0,0.5,3,13,0,0,1592000.00,1600000.00,"0",1
1388254,2236,0,0,16,1642879,0,1,1,0,0,0.125,3,31,0,0,566147.75,851350.00,"0",1
1388252,2236,0,0,5,280572,0,1,1,0,0,0.2,3,13,0,0,379000.00,594000.00,"0",1
1388443,259,0.00386,0,1,3000000,0,1,1,0,0,1,3,13,0,0,3000000.00,3000000.00,"0",1
1388586,2236,0,0,7,305422,0,1,1,0,0,0.14286,3,13,0,1,396498.00,700209.50,"0",1
1389663,752,0,0,7,2055790,0,1,1,0,0,0.42857,3,13,1,0,3257760.00,2976000.00,"0",1
1399770,306,0,0,1,701250,0,1,1,0,0,1,3,1,0,0,701250.00,750000.00,"0",1
1388661,2236,0,0,2,334668,0,1,1,0,0,0.5,3,7,0,0,51879.30,52140.00,"0",1
1389096,2236,0,0,1,108057,0,1,1,0,0,1,3,7,0,0,108057.00,108600.00,"0",1
1390934,2236,0,0,1,1643112,0,1,1,0,0,1,3,13,0,1,1643112.00,3655100.00,"0",1
1388255,2236,0,0,8,374555,0,1,1,0,0,0.25,3,13,0,0,227188.00,227304.00,"0",1
1389139,2236,0,0,5,106344,0,1,1,0,0,0.2,3,13,0,0,108720.00,144000.00,"0",1
1388555,85,0,0,1,312110,0,1,2,0,0,1,3,13,0,0,312110.00,312110.00,"0",1
1388604,177,0,0,1,80000,0,1,1,0,0,1,3,13,0,0,80000.00,80000.00,"0",1
1391518,79,0,0,1,615813,0,1,1,0,0,1,3,13,0,0,615813.01,700000.00,"0",1
1391346,79,0,0,1,391242,0,1,1,0,0,1,3,13,0,0,391242.60,600000.00,"0",1
1391555,770,0,0,9,334287,0,1,1,0,0,0.55556,1,0,0,0,417500.00,500000.00,"0",1
1389193,496,0,0,173,663627,0,1,1,0,0,0.11561,3,19,0,0,2800000.00,2800000.00,"0",1
1390533,131,0,0,1,175797,0,1,1,0,0,1,3,13,0,0,175797.00,229800.00,"0",1
1389182,2236,0,0,16,1642879,0,1,1,0,0,0.125,3,31,0,0,187863.00,187863.00,"0",1
1389191,396,0,0,1,631080,0,1,1,0,0,1,3,0,0,0,631080.00,784000.00,"0",1
1390939,413,0.00242,0,1,1440000,0,1,1,0,0,1,3,0,0,1,1440000.00,2400000.00,"0",1
1391114,280,0,0,1,420000,0,1,1,0,0,1,3,0,0,1,420000.00,801608.00,"0",1
1391801,172,0,0,2,1815000,0,1,1,0,0,0.5,3,13,0,0,1330000.00,2000000.00,"0",1
1391194,177,0,0,18,160196,0,1,1,0,0,0.11111,3,13,0,0,108000.00,108000.00,"0",1
1391672,496,0,0,173,663627,0,1,1,0,0,0.09249,3,19,0,0,630000.00,630000.00,"0",1
1392253,396,0,0,12,57716,0,1,1,0,0,0.33333,3,13,0,0,81413.10,81413.10,"0",1
1392248,396,0,0,12,57716,0,1,1,0,0,0.33333,3,13,0,0,95571.90,95571.90,"0",1
1392239,396,0,0,12,57716,0,1,1,0,0,0.5,3,13,0,0,42476.40,42476.40,"0",1
1392236,396,0,0,12,57716,0,1,1,0,0,0.5,3,13,0,0,50735.70,50735.70,"0",1
1392256,396,0,0,12,57716,0,1,1,0,0,0.41667,3,13,0,0,35397.00,35397.00,"0",1
1392213,396,0,0,3,27137,0,1,1,0,0,0.33333,3,13,0,0,42476.40,42476.40,"0",1
1392207,396,0,0,12,57716,0,1,1,0,0,0.25,3,13,0,0,58995.00,58995.00,"0",1
1392205,396,0,0,3,27137,0,1,1,0,0,0.33333,3,13,0,0,17698.50,17698.50,"0",1
1388186,289,0,0,5,461255,0,1,1,0,0,0.2,3,13,0,0,357794.88,500000.00,"0",1
1388793,215,0,0,1,282380,0,1,1,0,0,1,3,13,0,0,282380.00,287000.00,"0",1
1388086,485,0,0,1,198000,0,1,1,0,0,1,3,13,0,0,198000.00,250000.00,"0",1
1388649,85,0,0,10,159729,0,1,1,0,0,0.1,3,13,0,0,364000.00,500000.00,"0",1
1388564,143,0,0,6,128375,0,1,1,0,0,0.66667,3,13,0,1,119700.00,216600.00,"0",1
1388907,630,0.00317,0,4,86880,0,1,1,0,0,0.5,1,0,0,0,123300.00,123300.00,"0",1
1388521,280,0,0,1,108500,0,1,1,0,0,1,3,13,0,1,108500.00,223000.00,"0",1
1391154,630,0.00317,0,11,194585,0,1,1,0,0,0.18182,3,13,0,0,243500.00,273700.00,"0",1
1388343,2157,0,0,14,285805,0,1,1,0,0,0.07143,3,13,0,0,24480.00,24600.00,"0",1
1388409,320,0,0,113,946665,0,1,0.9646,0,0,0.0885,3,0,0,0,154185.00,250000.00,"0",1
1389211,172,0,0,2,226150,0,1,1,0,0,0.5,3,13,0,0,297050.00,297600.00,"0",1
1389162,61,0,0,2,275000,0,1,1,0,0,1,3,13,0,0,275000.00,280000.00,"0",1
1390513,2236,0,0,5,1393542,0,1,1,0,0,0.2,3,13,0,0,129200.00,129200.00,"0",1
1388764,320,0,0,113,946665,0,1,0.9646,0,0,0.06195,3,0,0,0,79989.25,90000.00,"0",1
1390516,613,0,0,348,1237047,0,1,1,0,0,0.07184,3,19,0,0,125000.00,125000.00,"0",1
1391692,753,0.00133,0,8,426665,0,1,1,0,0,0.75,3,19,0,0,495000.00,500000.00,"0",1
1388864,337,0.00297,0,10,159729,0,1,1,0,0,0.1,3,13,0,0,275400.00,300000.00,"0",1
1390521,613,0,0,43,455408,0,1,1,0,0,0.39535,3,19,0,0,159996.00,160000.00,"0",1
1388595,2157,0,0,2,154180,0,1,1,0,0,0.5,1,0,0,0,111360.00,160000.00,"0",1
1390044,4,0,0,5,183850,0,1,1,0,0,0.4,3,13,0,0,327800.00,330000.00,"0",1
1390095,4,0,0,19,304576,0,1,1,0,0,0.36842,3,13,0,0,498920.00,499900.00,"0",1
1389440,613,0,0,3,311531,0,1,1,0,0,0.66667,3,13,0,0,283500.00,350000.00,"0",1
1390390,4,0,0,25,196729,0,1,1,0,0,0.24,3,19,0,0,299596.00,498000.00,"0",1
1390751,753,0.00133,0,5,259000,0,1,1,0,0,0.2,3,13,0,0,286000.00,290000.00,"0",1
1391057,167,0,0,1,49992,0,1,1,0,0,1,3,13,0,0,49992.00,50000.00,"0",1
1388798,225,0,0,1,27300,0,1,1,0,0,1,3,13,0,0,27300.00,28600.00,"0",1
1389711,172,0,0,1,198000,0,1,1,0,0,1,3,13,0,0,198000.00,240000.00,"0",1
1393081,280,0,0,1,196000,0,1,1,0,0,1,3,38,0,0,196000.00,250000.00,"0",1
1391486,2157,0,0,1,103610,0,1,1,0,0,1,3,13,0,0,103610.00,145000.00,"0",1
1391489,2157,0,0,1,98315,0,1,1,0,0,1,3,13,0,0,98315.00,155000.00,"0",1
1388933,92,0,0,11,70363,0,1,1,0,0,0.18182,1,0,0,0,111000.00,111000.00,"0",1
1388944,92,0,0,7,76642,0,1,1,0,0,0.14286,1,0,0,0,114000.00,114000.00,"0",1
1390175,485,0,0,24,159617,0,1,1,0,0,0.08333,3,8,0,0,384293.40,499975.00,"0",1
1390642,143,0,0,1,2400,0,1,1,0,0,1,3,8,0,0,2400.00,2500.00,"0",1
1390793,753,0.00133,0,153,340144,0,0.97386,0.98039,0,0,0.11765,1,0,0,0,370000.00,380000.00,"0",1
1389044,280,0,0,5,422484,0,1,1,0,0,0.2,3,13,0,1,128900.00,250000.00,"0",1
1388990,613,0,0,21,138555,0,1,1,0,0,0.19048,3,7,0,0,57200.00,73000.00,"0",1
1391443,195,0,0,1,490140,0,1,1,0,0,1,3,13,0,0,490140.80,497000.00,"0",1
1389271,225,0,0,1,150000,0,1,1,0,0,1,3,19,0,0,150000.00,153000.00,"0",1
1389391,630,0.00317,0,6,88672,0,1,1,0,0,0.16667,3,13,0,0,96800.00,98000.00,"0",1
1392216,333,0,0,6,138469,0,1,1,0,0,0.5,3,13,0,0,205019.10,250000.00,"0",1
1391197,561,0,0,1,8791,0,1,1,0,0,1,3,13,0,0,8791.20,10000.00,"0",1
1389420,613,0,0,1,138800,0,1,1,0,0,1,3,13,0,0,138800.00,170000.00,"0",1
1391180,485,0,0,43,455408,0,1,1,0,0,0.13953,3,19,0,0,370638.00,370638.00,"0",1
1391423,630,0.00317,0,1,102067,0,1,1,0,0,1,3,13,0,0,102067.60,110576.00,"0",1
1389170,2157,0,0,14,285805,0,1,1,0,0,0.35714,3,13,0,0,143950.00,150000.00,"0",1
1392259,581,0,0,3,250000,0,1,1,0,0,0.33333,3,5,0,0,200000.00,200000.00,"0",1
1391750,2236,0,0,16,1642879,0,1,1,0,0,0.1875,3,31,0,0,33797.00,33797.00,"0",1
1391744,337,0.00297,0,2,401192,0,1,1,0,0,0.5,3,8,0,0,464634.00,498000.00,"0",1
1391724,2157,0,0,2,65016,0,1,1,0,0,0.5,3,7,0,0,97855.00,140000.00,"0",1
1390038,167,0,0,3,107023,0,1,1,0,0,0.33333,3,34,0,0,32191.80,34417.80,"0",1
1403818,306,0,0,1,226500,0,1,1,0,0,1,3,13,0,1,226500.00,401000.00,"0",1
1408443,177,0,0,3,74480,0,1,1,0,0,0.33333,3,8,0,0,19440.00,19440.00,"0",1
1420915,85,0,0,1,316290,0,1,1,0,0,1,3,13,0,0,316290.00,316290.00,"0",1
1397265,325,0,0,246,295662,0,1,1,0,0,0.00813,3,19,0,0,4479638.22,4479640.00,"0",1
1391781,219,0,0,1,10227,0,1,1,0,0,1,3,19,0,0,10227.63,10700.00,"0",1
1391767,2236,0,0,3,173890,0,1,1,0,0,0.33333,3,19,0,0,298220.00,407622.00,"0",1
1391727,2236,0,0,2,1170780,0,1,1,0,0,0.5,3,31,0,0,663600.00,695940.00,"0",1
1391904,325,0,0,19,5193,0,0.47368,0.47368,0,0,0.68421,3,13,0,0,5668.65,5669.00,"0",1
1391896,325,0,0,19,5193,0,0.47368,0.47368,0,0,0.05263,3,13,0,0,3411.69,3412.00,"0",1
1391887,325,0,0,19,5193,0,0.47368,0.47368,0,0,0.15789,3,13,0,0,4199.00,4200.00,"0",1
1391904,325,0,0,19,5193,0,0.47368,0.47368,0,0,0.68421,3,13,1,0,5668.65,4724.00,"0",1
1391904,325,0,0,19,5193,0,0.47368,0.47368,0,0,0.68421,3,13,1,0,5668.65,2120.00,"0",1
1391904,325,0,0,19,5193,0,0.47368,0.47368,0,0,0.68421,3,13,1,0,5668.65,1838.00,"0",1
1391904,325,0,0,19,5193,0,0.47368,0.47368,0,0,0.68421,3,13,1,0,5668.65,3412.00,"0",1
1391904,325,0,0,19,5193,0,0.47368,0.47368,0,0,0.68421,3,13,1,0,5668.65,1979.00,"0",1
1391904,325,0,0,19,5193,0,0.47368,0.47368,0,0,0.68421,3,13,1,0,5668.65,2544.00,"0",1
1391904,325,0,0,19,5193,0,0.47368,0.47368,0,0,0.68421,3,13,1,0,5668.65,3675.00,"0",1
1391904,325,0,0,19,5193,0,0.47368,0.47368,0,0,0.68421,3,13,1,0,5668.65,2403.00,"0",1
1392611,306,0,0,3,1783333,0,1,1,0,0,0.33333,3,13,0,0,1390000.00,1746197.04,"0",1
1392605,306,0,0,3,1783333,0,1,1,0,0,0.66667,3,13,0,0,1980000.00,2476000.00,"0",1
1389757,177,0,0,2,12000,0,1,1,0,0,0.5,3,7,0,0,7000.00,7000.00,"0",1
1388452,177,0,0,2,7500,0,1,1,0,0,1,3,13,0,0,7000.00,7000.00,"0",1
1394915,177,0,0,2,17050,0,1,1,0,0,0.5,3,34,0,0,14100.00,17000.00,"0",1
1400151,95,0,0,2,230722,0,1,1,0,0,1,1,0,0,0,222770.00,226370.00,"0",1
1388263,325,0,0,6,7130704,0,1,1,0,0,0.16667,3,19,0,0,853200.00,853200.00,"0",1
1387164,221,0,0,1,350000,0,1,1,0,0,1,3,34,0,0,350000.00,350000.00,"0",1
1391237,2236,0,0,5,97496,0,1,1,0,0,0.2,3,13,0,0,5900.00,6200.00,"0",1
1391790,955,0,0,1,1650,0,1,1,0,0,1,3,7,0,0,1650.00,1850.00,"0",1
1392365,320,0,0,1,218900,0,1,1,0,0,1,1,0,0,0,218900.00,230000.00,"0",1
1391498,2157,0,0,2,191800,0,1,1,0,0,1,3,13,0,0,182000.00,183000.00,"0",1
1392030,325,0,0,3,148565,0,1,1,0,0,0.33333,3,13,0,0,71655.00,80000.00,"0",1
1392276,955,0,0,21,138555,0,1,1,0,0,0.09524,3,7,0,0,2200.00,2300.00,"0",1
1393161,177,0,0,1,15000,0,1,1,0,0,1,3,8,0,0,15000.00,15000.00,"0",1
1392351,177,0,0,8,48494,0,1,1,0,0,0.125,3,13,0,1,12875.00,30000.00,"0",1
1393066,11,0,0,2,43250,0,1,1,0,0,1,3,13,0,0,39500.00,40000.00,"0",1
1392743,613,0,0,1,228000,0,1,1,0,0,1,3,13,0,0,228000.00,228000.00,"0",1
1394014,306,0,0,1,595000,0,1,1,0,0,1,3,13,0,0,595000.00,700000.00,"0",1
1392385,31,0,0,2,15172,0,1,1,0,0,0.5,3,19,0,0,23345.71,35000.00,"0",1
1393994,320,0,0,2,2730635,0,1,1,0,0,0.5,3,13,0,0,661750.00,850000.00,"0",1
1387542,225,0,0,1,2255068,0,1,1,0,0,1,3,13,0,0,2255068.00,2266400.00,"0",1
1390928,396,0,0,20,270405,0,1,1,0,0,0.05,3,0,0,0,1813989.60,1813989.60,"0",1
1396238,630,0.00317,0,3,290290,0,1,1,0,0,0.33333,3,13,0,0,600000.00,930000.00,"0",1
1392471,280,0,0,11,504768,0,1,1,0,0,0.36364,3,13,0,0,289469.07,368729.00,"0",1
1393089,1017,0,0,15,249276,0,1,1,0,0,0.26667,3,13,0,0,486224.90,503860.00,"0",1
1392906,131,0,0,7,3816307,0,1,1,0,0,0.28571,3,13,0,1,743934.33,1358747.58,"0",1
1393347,259,0.00386,0,2,640000,0,1,1,0,0,0.5,3,13,0,0,1100000.00,1100000.00,"0",1
1392883,172,0,0,1,880000,0,1,1,0,0,1,3,13,0,0,880000.00,880000.00,"0",1
1393247,259,0.00386,0,3,1242111,0,1,1,0,0,0.66667,3,13,0,0,1040000.00,1040000.00,"0",1
1393078,280,0,0,1,652720,0,1,1,0,0,1,3,1,0,0,652720.00,656000.00,"0",1
1393212,215,0,0,3,723954,0,1,0.66667,0,0,0.66667,3,13,0,0,838525.27,1094945.01,"0",1
1393138,1017,0,0,1,205000,0,1,1,0,0,1,3,13,0,0,205000.00,300000.00,"0",1
1393255,177,0,0,47,199444,0,1,1,0,0,0.10638,3,13,0,0,49400.00,52000.00,"0",1
1394950,581,0,0,1,400000,0,1,1,0,0,1,3,8,0,0,400000.00,400000.00,"0",1
1393982,2236,0,0,5,1393542,0,1,1,0,0,0.4,3,13,0,0,2440992.00,2950400.00,"0",1
1393899,2157,0,0,1,184524,0,1,1,0,0,1,3,7,0,1,184524.88,411877.58,"0",1
1395333,280,0,0,3,357986,0,1,1,0,0,0.33333,3,13,0,0,708958.39,712521.00,"0",1
1394051,177,0,0,1,123505,0,1,1,0,0,1,3,13,0,0,123505.80,164200.00,"0",1
1394048,177,0,0,34,214902,0,1,1,0,0,0.20588,3,13,0,0,70000.00,70000.00,"0",1
1394165,280,0,0,12,604519,0,1,1,0,0,0.25,3,8,0,0,666650.00,670000.00,"0",1
1394417,561,0,0,2,48900,0,1,1,0,0,0.5,3,7,0,0,96000.00,96000.00,"0",1
1392511,172,0,0,2,363915,0,1,1,0,0,0.5,3,13,0,0,438830.20,500000.00,"0",1
1392382,320,0,0,2,294251,0,1,1,0,0,0.5,3,13,0,0,46894.70,52000.00,"0",1
1392024,133,0.00752,0,2,216310,0,1,1,0,0,1,3,9,0,0,220800.00,249600.00,"0",1
1392708,167,0,0,1,111000,0,1,1,0,0,1,3,13,0,0,111000.00,150000.00,"0",1
1393232,320,0,0,1,313973,0,1,1,0,0,1,3,33,0,0,313973.00,470000.00,"0",1
1392522,219,0,0,3,160186,0,1,1,0,0,0.33333,3,8,0,0,61680.00,100400.00,"0",1
1392637,219,0,0,1,499500,0,1,1,0,0,1,3,13,0,0,499500.00,500000.00,"0",1
1391792,955,0,0,3,123289,0,1,1,0,0,0.66667,3,8,0,0,134791.00,135000.00,"0",1
1392113,195,0,0,61,410296,0,1,1,0,0,0.2623,1,0,0,0,75635.00,102000.00,"0",1
1393264,33,0,0,2,35209,0,1,1,0,0,0.5,3,13,0,0,29999.90,31000.00,"0",1
1393427,61,0,0,7,115831,0,1,1,0,0,0.14286,3,13,0,0,276362.00,330000.00,"0",1
1392339,131,0,0,22,138315,0,1,1,0,0,0.36364,3,13,0,1,39500.00,98336.48,"0",1
1392531,2157,0,0,3,17755,0,1,1,0,0,0.33333,1,0,0,0,33757.10,34500.00,"0",1
1393178,177,0,0,1,18900,0,1,1,0,0,1,3,13,0,0,18900.00,19200.00,"0",1
1393092,955,0,0,15,115951,0,1,1,0,0,0.2,3,13,0,0,15087.00,15125.00,"0",1
1393341,770,0,0,2,192883,0,1,1,0,0,0.5,3,13,0,0,265182.87,382307.34,"0",1
1392371,955,0,0,2,61700,0,1,1,0,0,0.5,3,13,0,0,35200.00,49500.00,"0",1
1392780,613,0,0,2,35500,0,1,1,0,0,0.5,1,0,0,0,24500.00,25000.00,"0",1
1393195,43,0,0,1,268000,0,1,1,0,0,1,3,13,0,1,268000.00,499000.00,"0",1
1393029,289,0,0,35,86799,0,1,0.97143,0,0,0.11429,3,13,0,0,39894.85,66000.00,"0",1
1392977,2157,0,0,5,28150,0,1,1,0,0,0.2,3,13,0,0,34020.00,35000.00,"0",1
1393332,630,0.00317,0,2,469000,0,1,1,0,0,1,3,13,0,0,461000.00,493830.00,"0",1
1393453,117,0,0,7,286757,0,1,1,0,0,0.28571,3,13,0,0,145500.00,150000.00,"0",1
1393006,167,0,0,1,51000,0,1,1,0,0,1,3,13,0,0,51000.00,53800.00,"0",1
1392978,2157,0,0,1,70000,0,1,1,0,0,1,3,8,0,0,70000.00,77000.00,"0",1
1393353,2157,0,0,1,152000,0,1,1,0,0,1,3,8,0,0,152000.00,160000.00,"0",1
1392814,613,0,0,4,73418,0,1,1,0,0,0.25,1,0,0,0,41300.00,43000.00,"0",1
1393124,122,0,0,3,38324,0,1,1,0,0,0.33333,3,13,0,0,54990.00,55000.00,"0",1
1400008,13,0,0,13,296100,0,1,1,0,0,0.07692,3,19,0,0,41656.36,42000.00,"0",1
1393278,630,0.00317,0,16,255845,0,1,1,0,0,0.3125,3,19,0,0,48918.08,48919.00,"0",1
1392809,613,0,0,2,11025,0,1,1,0,0,0.5,1,0,0,0,9450.00,11000.00,"0",1
1394769,662,0,0,4,305873,0,1,1,0,0,0.5,3,13,0,0,234134.95,250000.00,"0",1
1393498,117,0,0,1,398000,0,1,1,0,0,1,3,13,0,0,398000.00,412000.00,"0",1
1393473,117,0,0,19,496881,0,1,1,0,0,0.05263,3,13,0,0,228000.00,234000.00,"0",1
1393229,598,0,0,2,26000,0,1,1,0,0,1,1,0,0,0,24000.00,24000.00,"0",1
1393238,598,0,0,7,51927,0,1,1,0,0,0.14286,1,0,0,0,28000.00,28000.00,"0",1
1393204,598,0,0,3,30666,0,1,1,0,0,0.33333,1,0,0,0,28000.00,28000.00,"0",1
1393221,598,0,0,7,51927,0,1,1,0,0,0.14286,1,0,0,0,28000.00,28000.00,"0",1
1393224,598,0,0,6,52082,0,1,1,0,0,0.33333,1,0,0,0,40000.00,40000.00,"0",1
1393227,598,0,0,7,48326,0,1,1,0,0,0.28571,1,0,0,0,36000.00,36000.00,"0",1
1393375,157,0,0,3,138097,0,1,0.33333,0,0,0.66667,3,13,0,0,172010.00,175000.00,"0",1
1394701,177,0,0,1,3895,0,1,1,0,0,1,3,38,0,0,3895.45,4000.00,"0",1
1393355,1017,0,0,6,128080,0,1,1,0,0,0.33333,3,13,0,0,207962.00,249000.00,"0",1
1393435,955,0,0,2,47556,0,1,1,0,0,0.5,3,13,0,0,74455.00,76100.00,"0",1
1394034,120,0,0,2,272480,0,1,1,0,0,1,3,19,0,0,297230.00,297230.00,"0",1
1393338,613,0,0,2,86917,0,1,1,0,0,0.5,3,13,0,0,138000.00,168000.00,"0",1
1393642,630,0.00317,0,1,62780,0,1,1,0,0,1,3,13,0,0,62780.90,89687.00,"0",1
1393828,2157,0,0,3,17755,0,1,1,0,0,0.33333,1,0,0,0,6210.00,9000.00,"0",1
1393831,2157,0,0,1,197500,0,1,1,0,0,1,3,13,0,0,197500.00,249750.00,"0",1
1393650,770,0,0,1,479520,0,1,1,0,0,1,3,13,0,0,479520.00,482341.00,"0",1
1394369,634,0,0,1,399888,0,1,1,0,0,1,3,13,0,0,399888.00,499860.00,"0",1
1393925,133,0.00752,0,1,405805,0,1,1,0,0,1,3,8,0,0,405805.00,498600.00,"0",1
1393716,613,0,0,7,174428,0,1,1,0,0,0.14286,3,13,0,0,64000.00,67947.98,"0",1
1394884,2157,0,0,43,455408,0,1,1,0,0,0.30233,3,19,0,0,226600.00,230000.00,"0",1
1394372,122,0,0,1,99000,0,1,1,0,0,1,3,13,0,0,99000.00,99000.00,"0",1
1402424,630,0.00317,0,9,221969,0,1,1,0,0,0.33333,3,13,0,0,191966.75,193202.00,"0",1
1394927,753,0.00133,0,12,72492,0,1,1,0,0,0.08333,3,13,0,0,152700.00,220000.00,"0",1
1393928,581,0,0,1,99400,0,1,1,0,0,1,3,26,0,0,99400.00,100000.00,"0",1
1394572,396,0,0,173,663627,0,1,1,0,0,0.11561,3,19,0,0,154380.00,160000.00,"0",1
1393988,613,0,0,12,72492,0,1,1,0,0,0.08333,3,13,0,0,14150.00,17251.00,"0",1
1394062,195,0,0,1,155000,0,1,1,0,0,1,1,0,0,0,155000.00,157000.00,"0",1
1395682,25,0,0,1,23094,0,1,1,0,0,1,3,13,0,0,23094.50,23094.50,"0",1
1396123,496,0,0,2,830005,0,1,1,0,0,0.5,3,3,0,0,725801.78,725801.78,"0",1
1395628,2236,0,0,8,197015,0,1,1,0,0,0.125,3,34,0,0,1313874.00,1315440.00,"0",1
1397546,104,0,0,1,32006,0,1,1,0,0,1,3,19,0,0,32006.00,32006.00,"0",1
1400766,20,0,0,5,26890146,0,1,1,0,0,0.2,3,13,0,1,1762500.00,3500000.00,"0",1
1394815,320,0,0,69,1027251,0,1,1,0,0,0.2029,3,13,0,0,265843.58,269891.96,"0",1
1396235,630,0.00317,0,1,355000,0,1,1,0,0,1,3,13,0,0,355000.00,355000.00,"0",1
1395147,320,0,0,3,592601,0,1,1,0,0,0.66667,3,13,0,0,783100.00,820000.00,"0",1
1396415,167,0,0,1,531375,0,1,1,0,0,1,3,13,0,0,531375.00,545000.00,"0",1
1397031,20,0,0,2,744250,0,1,1,0,0,1,3,13,0,0,792000.00,800000.00,"0",1
1394661,2157,0,0,1,660000,0,1,1,0,0,1,3,1,0,0,660000.00,672000.00,"0",1
1395296,21,0,0,8,1359218,0,1,1,0,0,0.125,3,13,0,1,249700.00,515000.00,"0",1
1396430,770,0,0,1,2292283,0,1,1,0,0,1,3,13,0,0,2292283.00,3036136.46,"0",1
1395648,1017,0,0,12,604519,0,1,1,0,0,0.33333,3,8,0,0,1088000.00,1600000.00,"0",1
1396284,753,0.00133,0,1,846200,0,1,1,0,0,1,3,13,0,0,846200.00,846200.00,"0",1
1396650,613,0,0,2,285551,0,1,1,0,0,0.5,3,13,0,0,171258.00,191400.00,"0",1
1397237,278,0,0,1,1100000,0,1,1,0,0,1,3,1,0,0,1100000.00,1100000.00,"0",1
1396135,120,0,0,1,768053,0,1,1,0,0,1,3,34,0,0,768053.45,768513.11,"0",1
1397389,630,0.00317,0,2,1178321,0,1,1,0,0,0.5,3,13,0,0,2257278.00,2257278.00,"0",1
1397102,662,0,0,1,1360000,0,1,1,0,0,1,3,13,0,0,1360000.00,1360000.00,"0",1
1396879,177,0,0,1,154000,0,1,1,0,0,1,3,13,0,0,154000.00,154078.37,"0",1
1402426,630,0.00317,0,2,144500,0,1,1,0,0,0.5,3,13,0,0,169000.00,170805.00,"0",1
1394772,634,0,0,2,35209,0,1,1,0,0,0.5,3,13,0,0,40418.98,46000.00,"0",1
1395325,662,0,0,6,247806,0,1,1,0,0,0.16667,3,13,0,0,401086.21,499822.28,"0",1
1394838,630,0.00317,0,1,9500,0,1,1,0,0,1,3,7,0,1,9500.00,19848.00,"0",1
1394363,396,0,0,6,247806,0,1,1,0,0,0.16667,3,13,0,0,199000.00,200000.00,"0",1
1394374,122,0,0,4,99000,0,1,1,0,0,1,3,13,0,0,99000.00,99000.00,"0",1
1394065,1017,0,0,4,67599,0,1,1,0,0,0.5,3,8,0,0,138800.00,140000.00,"0",1
1394744,219,0,0,2,239720,0,1,1,0,0,0.5,3,13,0,0,215940.00,225000.00,"0",1
1396315,219,0,0,2,239720,0,1,1,0,0,1,3,13,0,0,263500.00,270000.00,"0",1
1394618,955,0,0,27,152205,0,1,1,0,0,0.03704,3,13,0,0,15025.00,16850.00,"0",1
1395345,177,0,0,1,49899,0,1,1,0,0,1,3,34,0,0,49899.90,49900.00,"0",1
1395139,496,0,0,2,337818,0,1,1,0,0,0.5,3,13,0,0,489500.00,498411.58,"0",1
1397672,215,0,0,1,129706,0,1,1,0,0,1,3,13,0,0,129706.00,131790.00,"0",1
1395305,588,0,0,1,400400,0,1,1,0,0,1,3,13,0,0,400400.00,499996.00,"0",1
1395622,172,0,0,1,295544,0,1,1,0,0,1,3,0,0,0,295544.13,345398.50,"0",1
1395170,613,0,0,8,72805,0,1,0.875,0,0,0.125,3,13,0,0,20360.00,22905.00,"0",1
1395431,13,0,0,1,16000,0,1,1,0,0,1,3,2,0,0,16000.00,16400.00,"0",1
1395665,225,0,0,3,112000,0,1,1,0,0,0.33333,3,13,0,0,92000.00,92000.00,"0",1
1395141,333,0,0,7,146803,0,1,1,0,0,0.42857,3,13,0,0,115800.00,135000.00,"0",1
1397306,770,0,0,2,157050,0,1,1,0,0,1,3,13,0,0,167960.00,180000.00,"0",1
1396550,280,0,0,4,309950,0,1,1,0,0,0.5,3,13,0,0,273942.47,275000.00,"0",1
1396221,172,0,0,348,1237047,0,1,1,0,0,0.12931,3,19,0,0,156000.00,200000.00,"0",1
1396198,396,0,0,5,162009,0,1,1,0,0,0.2,3,13,0,0,276036.20,300000.00,"0",1
1396166,170,0,0,1,52000,0,1,1,0,0,1,3,13,0,0,52000.00,65000.00,"0",1
1396916,581,0,0,9,221969,0,1,1,0,0,0.11111,3,13,0,1,54411.30,100000.00,"0",1
1396564,189,0,0,1,365000,0,1,1,0,0,1,3,13,0,0,365000.00,369992.79,"0",1
1395680,2157,0,0,14,285805,0,1,1,0,0,0.21429,3,13,0,0,114000.00,123316.00,"0",1
1396544,320,0,0,2,114850,0,1,1,0,0,0.5,1,0,0,1,135000.00,294614.72,"0",1
1395920,172,0,0,1,170000,0,1,1,0,0,1,3,13,0,0,170000.00,186200.00,"0",1
1396870,634,0,0,1,279495,0,1,1,0,0,1,3,13,0,0,279495.00,343500.00,"0",1
1397864,753,0.00133,0,56,356568,0,1,1,0,0,0.30357,1,0,0,0,472000.00,500000.00,"0",1
1397082,630,0.00317,0,4,198450,0,1,1,0,0,0.25,3,7,0,0,141800.00,141800.00,"0",1
1395986,97,0,0,2,167500,0,1,1,0,0,0.5,3,13,0,0,140000.00,210960.00,"0",1
1397308,280,0,0,15,532327,0,1,1,0,0,0.13333,3,13,0,0,175000.00,220361.00,"0",1
1397537,337,0.00297,0,2,266412,0,1,1,0,0,0.5,3,8,0,0,208475.00,249999.00,"0",1
1397867,753,0.00133,0,153,340144,0,0.97386,0.98039,0,0,0.10458,1,0,0,0,418000.00,500000.00,"0",1
1397575,561,0,0,9,48937,0,1,0.88889,0,0,0.11111,3,13,0,0,24426.00,25000.00,"0",1
1397723,325,0,0,2,194500,0,1,1,0,0,0.5,3,7,0,0,234000.00,234000.00,"0",1
1397071,11,0,0,5,54380,0,1,1,0,0,0.6,3,13,0,0,25000.00,25000.00,"0",1
1398305,177,0,0,1,15680,0,1,1,0,0,1,3,13,0,0,15680.00,15739.50,"0",1
1397111,320,0,0,8,307341,0,1,1,0,0,0.25,3,13,0,0,218683.50,220000.00,"0",1
1396816,130,0,0,2,163247,0,1,1,0,0,0.5,3,13,0,0,249700.00,249800.00,"0",1
1398273,2236,0,0,10,1284324,0,1,1,0,0,1,3,13,0,0,1310247.00,1491300.00,"0",1
1398322,2236,0,0,3,1034204,0,1,1,0,0,0.33333,3,34,0,0,933660.00,1043910.00,"0",1
1397818,2236,0,0,10,1284324,0,1,1,0,0,0.8,3,13,0,0,1420000.00,1491300.00,"0",1
1398428,2157,0,0,1,2244363,0,1,1,0,0,1,3,13,0,0,2244363.00,2274930.00,"0",1
1398877,92,0,0,1,22832,0,1,1,0,0,1,3,13,0,0,22832.06,23000.00,"0",1
1398545,170,0,0,1,5010898,0,1,1,0,0,1,3,19,0,0,5010898.32,5010918.00,"0",1
1399275,95,0,0,5,16324,0,1,1,0,0,0.2,3,19,0,0,5248.75,5248.75,"0",1
1397910,128,0,0,8,1359218,0,1,1,0,0,0.375,3,13,0,0,1600000.00,1961300.00,"0",1
1398416,753,0.00133,0,5,661867,0,1,1,0,0,0.2,3,13,0,0,972000.00,1120000.00,"0",1
1397812,396,0,0,9,334287,0,1,1,0,0,0.55556,1,0,0,0,400000.00,400000.00,"0",1
1397340,2157,0,0,1,4047400,0,1,1,0,0,1,3,13,0,0,4047400.00,4088700.00,"0",1
1397944,630,0.00317,0,4,362050,0,1,1,0,0,0.25,3,13,0,0,210000.00,210000.00,"0",1
1397950,630,0.00317,0,2,1178321,0,1,1,0,0,0.5,3,13,0,0,99364.32,121176.00,"0",1
1398450,634,0,0,7,2055790,0,1,1,0,0,0.42857,3,13,0,0,1183168.21,1190000.00,"0",1
1398313,630,0.00317,0,4,3318792,0,1,1,0,0,0.25,3,7,0,0,3241200.00,3241200.00,"0",1
1397784,177,0,0,29,973491,0,1,1,0,0,0.03448,3,13,0,0,55657.50,68100.00,"0",1
1397826,177,0,0,7,129508,0,1,1,0,0,0.14286,3,13,0,0,295515.00,297000.00,"0",1
1397669,2157,0,0,1,400000,0,1,1,0,0,1,3,7,0,0,400000.00,485811.70,"0",1
1398714,167,0,0,9,242468,0,1,1,0,0,0.11111,3,13,0,1,592214.64,992210.00,"0",1
1403385,131,0,0,3,1577995,0,1,1,0,0,0.33333,3,13,0,0,2835013.29,3687645.00,"0",1
1398161,177,0,0,9,374955,0,1,1,0,0,0.33333,3,13,0,0,141896.00,158176.67,"0",1
1398167,598,0,0,13,296100,0,1,1,0,0,0.07692,3,19,0,0,867275.00,867275.00,"0",1
1397947,108,0,0,173,663627,0,1,1,0,0,0.17919,3,19,0,0,361829.00,361829.00,"0",1
1399232,561,0,0,1,277339,0,1,1,0,0,1,3,13,0,0,277339.00,278733.33,"0",1
1399069,561,0,0,1,313500,0,1,1,0,0,1,3,13,0,0,313500.00,346200.00,"0",1
1398199,177,0,0,29,973491,0,1,1,0,0,0.10345,3,13,0,0,29093.33,29093.33,"0",1
1398221,85,0,0,2,274650,0,1,2,0,0,1,1,0,0,0,270000.00,300000.00,"0",1
1398846,289,0,0,7,3816307,0,1,1,0,0,0.28571,3,13,0,0,2313899.93,2325527.57,"0",1
1402575,177,0,0,8,667437,0,1,1,0,0,0.25,3,13,0,0,507045.53,509729.91,"0",1
1399272,172,0,0,6,603786,0,1,1,0,0,0.16667,3,3,0,0,299341.60,299341.60,"0",1
1399269,2157,0,0,2,546152,0,1,1,0,0,0.5,3,13,0,0,213706.86,258627.68,"0",1
1399412,172,0,0,3,1766014,0,1,1,0,0,0.33333,3,7,0,0,535500.00,595000.00,"0",1
1401359,1017,0,0,1,1794250,0,1,1,0,0,1,3,13,0,0,1794250.00,1794250.00,"0",1
1399255,2157,0,0,1,684000,0,1,1,0,0,1,3,5,0,0,684000.00,684000.00,"0",1
1397411,630,0.00317,0,2,334271,0,1,1,0,0,0.5,3,31,0,0,282642.18,373224.00,"0",1
1397122,278,0,0,32,87825,0,1,1,0,0,0.0625,3,13,0,0,322500.00,324072.00,"0",1
1397517,306,0,0,1,120000,0,1,1,0,0,1,3,13,0,0,120000.00,130000.00,"0",1
1397566,496,0,0,7,193091,0,1,1,0,0,0.28571,3,13,0,1,289200.00,485000.00,"0",1
1397409,630,0.00317,0,2,79432,0,1,1,0,0,1,3,19,0,0,78664.00,78664.00,"0",1
1397646,11,0,0,7,460316,0,1,1,0,0,0.14286,3,19,0,0,100000.00,100000.00,"0",1
1397769,259,0.00386,0,1,112000,0,1,1,0,0,1,3,13,0,1,112000.00,280000.00,"0",1
1397337,955,0,0,4,115157,0,1,1,0,0,0.5,3,8,0,0,108833.00,136146.00,"0",1
1398307,141,0,0,2,368843,0,1,1,0,0,0.5,3,13,0,0,295000.00,301262.00,"0",1
1397881,280,0,0,17,88242,0,1,1,0,0,0.05882,3,7,0,0,236000.00,249000.00,"0",1
1397875,753,0.00133,0,30,352272,0,1,1,0,0,0.33333,3,13,0,0,250000.00,310000.00,"0",1
1397380,172,0,0,1,119550,0,1,1,0,0,1,3,8,0,0,119550.00,125000.00,"0",1
1397995,2236,0,0,43,455408,0,1,1,0,0,0.39535,3,19,0,0,159020.00,159020.00,"0",1
1397354,97,0,0,1,110005,0,1,1,0,0,1,3,13,0,0,110005.00,110250.00,"0",1
1398027,228,0,0,4,93137,0,1,1,0,0,0.25,3,13,0,0,59908.18,59908.18,"0",1
1398024,228,0,0,4,93137,0,1,1,0,0,0.25,3,13,0,0,9243.65,9243.65,"0",1
1397589,2157,0,0,2,175000,0,1,1,0,0,1,3,13,0,0,174000.00,177300.00,"0",1
1397629,219,0,0,23,92117,0,1,1,0,0,0.17391,3,13,0,0,220800.00,240000.00,"0",1
1398267,2236,0,0,1,34797,0,1,1,0,0,1,3,31,0,0,34797.00,34797.00,"0",1
1398659,581,0,0,44,647794,0,1,1,0,0,0.29545,3,19,0,0,498697.00,498705.00,"0",1
1398854,630,0.00317,0,9,117333,0,1,1,0,0,0.11111,3,13,0,0,148500.00,148500.00,"0",1
1399598,177,0,0,1,9000,0,1,1,0,0,1,3,13,0,0,9000.00,12795.67,"0",1
1398098,72,0,0,38,98779,0,1,1,0,0,0.18421,3,13,0,0,85500.00,87000.00,"0",1
1398980,2236,0,0,2,503833,0,1,1,0,0,0.5,3,34,0,0,129246.00,129246.00,"0",1
1398073,2236,0,0,13,447759,0,1,1,0,0,0.15385,3,13,0,0,99989.45,99989.45,"0",1
1399295,753,0.00133,0,3,254327,0,1,1,0,0,0.33333,3,13,0,0,495935.00,500000.00,"0",1
1398259,25,0,0,12,180500,0,1,1,0,0,0.25,3,13,0,0,183439.00,229303.00,"0",1
1398431,2157,0,0,8,110462,0,1,1,0,0,0.375,3,8,0,1,73700.00,195000.00,"0",1
1399553,770,0,0,1,332986,0,1,1,0,0,1,3,19,0,0,332986.50,333000.00,"0",1
1398654,177,0,0,3,170379,0,1,1,0,0,0.33333,3,7,0,0,8754.85,8754.85,"0",1
1398559,753,0.00133,0,23,194843,0,1,1,0,0,0.21739,3,7,0,0,493000.00,500000.00,"0",1
1398433,2157,0,0,8,110462,0,1,1,0,0,0.375,3,8,0,1,94800.00,200788.00,"0",1
1400904,496,0,0,1,371000,0,1,1,0,0,1,3,13,0,0,371000.00,495000.00,"0",1
1399054,581,0,0,1,280600,0,1,1,0,0,1,3,13,0,0,280600.75,339654.78,"0",1
1399160,630,0.00317,0,9,117333,0,1,1,0,0,0.11111,3,13,0,0,59500.00,60000.00,"0",1
1399475,581,0,0,3,250000,0,1,1,0,0,0.33333,3,5,0,0,400000.00,400000.00,"0",1
1398345,2157,0,0,14,285805,0,1,1,0,0,0.21429,3,13,0,0,71699.00,85523.33,"0",1
1398574,2157,0,0,3,623272,0,1,1,0,0,0.33333,3,13,0,0,97900.00,98006.08,"0",1
1399910,630,0.00317,0,11,194585,0,1,1,0,0,0.18182,3,13,0,0,259999.00,260299.00,"0",1
1398651,581,0,0,5,511914,0,1,1,0,0,0.2,3,13,0,1,24000.00,42000.00,"0",1
1405790,630,0.00317,0,1,107015,0,1,1,0,0,1,3,13,0,0,107015.73,108000.00,"0",1
1399289,97,0,0,2,485000,0,1,1,0,0,1,3,13,0,0,470500.00,470755.10,"0",1
1398871,2157,0,0,2,84400,0,1,1,0,0,1,3,8,0,0,81000.00,124600.00,"0",1
1399100,320,0,0,3,133766,0,1,1,0,0,0.66667,3,13,0,0,165800.00,199828.30,"0",1
1399072,581,0,0,246,295662,0,1,1,0,0,0.08943,3,19,0,0,54900.00,60000.00,"0",1
1399335,280,0,0,1,68700,0,1,1,0,0,1,3,13,0,0,68700.00,88620.00,"0",1
1399349,634,0,0,4,278394,0,1,1,0,0,0.5,3,7,0,0,430190.40,500000.00,"0",1
1399627,140,0,0,4,312466,0,1,1,0,0,1,3,19,0,0,302310.00,305200.00,"0",1
1399753,630,0.00317,0,1,61000,0,1,1,0,0,1,3,24,0,0,61000.00,61000.00,"0",1
1399321,215,0,0,1,119950,0,1,1,0,0,1,3,13,0,1,119950.00,205000.00,"0",1
1399750,630,0.00317,0,3,290290,0,1,1,0,0,0.33333,3,13,0,1,24370.00,43119.00,"0",1
1400254,662,0,0,2,9143,0,1,1,0,0,1,3,19,0,0,8398.00,8398.00,"0",1
1399678,2157,0,0,1,41912291,0,1,1,0,0,1,3,13,0,0,41912291.00,46456145.00,"0",1
1399847,219,0,0,1,255772,0,1,1,0,0,1,3,24,0,1,255772.00,822800.00,"0",1
1399366,167,0,0,1,90000,0,1,1,0,0,1,3,13,0,0,90000.00,100000.00,"0",1
1400025,219,0,0,2,1104026,0,1,1,0,0,0.5,3,13,0,1,843700.00,2057000.00,"0",1
1399930,280,0,0,4,623732,0,1,1,0,0,0.5,3,13,0,0,834000.00,834000.00,"0",1
1400039,280,0,0,9,458833,0,1,1,0,0,0.11111,3,13,0,0,1097485.97,1103000.00,"0",1
1400408,280,0,0,11,864983,0,1,1,0,0,0.18182,3,13,0,0,1104550.00,1418000.00,"0",1
1400715,485,0,0,7,2055790,0,1,1,0,0,0.28571,3,13,0,0,1035000.00,1150000.00,"0",1
1407444,753,0.00133,0,1,786446,0,1,1,0,0,1,3,13,0,1,786446.30,1720000.00,"0",1
1406465,753,0.00133,0,1,1963905,0,1,1,0,0,1,3,13,0,0,1963905.32,2500000.00,"0",1
1410227,2236,0,0,15,400236,0,1,1,0,0,0.13333,3,13,0,0,423406.38,478409.52,"0",1
1410230,2236,0,0,15,400236,0,1,1,0,0,0.13333,3,13,0,0,80000.00,102453.28,"0",1
1400005,2157,0,0,3,1276868,0,1,1,0,0,0.33333,3,13,0,0,919000.00,919000.00,"0",1
1400431,177,0,0,9,187196,0,1,1,0,0,0.22222,3,13,0,0,74862.69,74862.69,"0",1
1406102,280,0,0,1,226963,0,1,1,0,0,1,3,13,0,0,226963.00,226963.00,"0",1
1401072,325,0,0,1,1461500,0,1,1,0,0,1,3,13,0,0,1461500.00,1850000.00,"0",1
1401831,613,0,0,1,400779,0,1,1,0,0,1,3,13,0,0,400779.00,406883.00,"0",1
1402781,280,0,0,1,170231,0,1,1,0,0,1,3,13,0,0,170231.00,170231.00,"0",1
1400663,2157,0,0,9,142454,0,1,1,0,0,0.22222,3,1,0,0,167754.38,224562.26,"0",1
1400726,172,0,0,1,1187326,0,1,1,0,0,1,3,19,0,0,1187326.00,1200000.00,"0",1
1401107,753,0.00133,0,1,1320662,0,1,1,0,0,1,3,13,0,0,1320662.73,1600000.00,"0",1
1401058,320,0,0,2,408144,0,1,1,0,0,0.5,3,1,0,0,470467.62,558067.86,"0",1
1400563,630,0.00317,0,2,80202,0,1,1,0,0,1,3,13,0,0,75125.00,80690.00,"0",1
1400280,753,0.00133,0,8,269412,0,1,1,0,0,0.5,3,13,0,0,429440.00,500000.00,"0",1
1399303,653,0,0,1,127551,0,1,1,0,0,1,3,13,0,0,127551.00,129551.02,"0",1
1400345,172,0,0,348,1237047,0,1,1,0,0,0.16954,3,19,0,0,395500.00,398200.00,"0",1
1399945,753,0.00133,0,23,194843,0,1,1,0,0,0.17391,3,7,0,0,183000.00,250000.00,"0",1
1400220,770,0,0,1,496432,0,1,1,0,0,1,3,8,0,0,496432.00,496432.00,"0",1
1399870,770,0,0,2,288402,0,1,1,0,0,0.5,3,13,0,0,342504.00,374664.00,"0",1
1399490,13,0,0,2,199000,0,1,1,0,0,1,3,13,0,0,189000.00,200000.00,"0",1
1399724,662,0,0,1,43894,0,1,1,0,0,1,3,13,0,1,43894.90,82848.00,"0",1
1399661,955,0,0,3,123289,0,1,1,0,0,0.33333,3,8,0,0,103210.00,115328.67,"0",1
1400340,215,0,0,1,91000,0,1,1,0,0,1,3,8,0,0,91000.00,130900.00,"0",1
1399533,588,0,0,9,491558,0,1,0.77778,0,0,0.11111,3,8,0,0,169191.73,170000.00,"0",1
1399664,219,0,0,2,95250,0,1,1,0,0,0.5,3,24,0,1,108000.00,224400.00,"0",1
1400179,770,0,0,1,199500,0,1,1,0,0,1,3,13,0,0,199500.00,200000.00,"0",1
1399928,955,0,0,15,115951,0,1,1,0,0,0.06667,3,13,0,0,87877.00,107827.17,"0",1
1394128,219,0,0,1,500000,0,1,1,0,0,1,3,13,0,0,500000.00,500000.00,"0",1
1399029,4,0,0,2,378000,0,1,1,0,0,1,3,7,0,0,410000.00,500000.00,"0",1
1399613,2157,0,0,1,110500,0,1,1,0,0,1,3,13,0,1,110500.00,221000.00,"0",1
1399933,675,0,0,2,5142719,0,1,1,0,0,0.5,3,13,0,0,2704665.00,3606220.00,"0",1
1400016,225,0,0,1,304200,0,1,1,0,0,1,3,13,0,0,304200.00,363395.95,"0",1
1400139,753,0.00133,0,2,373000,0,1,1,0,0,0.5,3,13,0,0,248500.00,250000.00,"0",1
1400162,2236,0,0,3,47065,0,1,1,0,0,0.66667,3,13,0,0,31600.00,41567.50,"0",1
1400165,97,0,0,3,15051,0,1,1,0,0,0.33333,3,13,0,0,26008.30,26268.80,"0",1
1400234,613,0,0,2,150540,0,1,1,0,0,0.5,3,13,0,0,85600.00,96500.00,"0",1
1400283,770,0,0,1,132000,0,1,1,0,0,1,3,8,0,0,132000.00,135000.00,"0",1
1400471,221,0,0,2,281500,0,1,1,0,0,1,3,13,0,0,274000.00,345393.08,"0",1
1400531,2157,0,0,4,175209,0,1,1,0,0,0.25,3,31,0,0,102484.48,135330.00,"0",1
1400532,2157,0,0,2,107017,0,1,1,0,0,0.5,3,31,0,0,74980.90,74981.00,"0",1
1400534,2157,0,0,5,28150,0,1,1,0,0,0.2,3,13,0,0,18950.00,25763.33,"0",1
1400540,561,0,0,56,190085,0,1,1,0,0,0.10714,3,13,0,0,22020.00,22150.00,"0",1
1400552,13,0,0,17,88242,0,1,1,0,0,0.11765,3,7,0,1,10903.90,35000.00,"0",1
1400612,320,0,0,1,195000,0,1,1,0,0,1,3,13,0,0,195000.00,248130.00,"0",1
1400646,177,0,0,2,4767,0,1,1,0,0,0.5,3,38,0,0,3182.00,3183.00,"0",1
1400649,753,0.00133,0,5,259000,0,1,1,0,0,0.6,3,13,0,0,226000.00,230000.00,"0",1
1400669,753,0.00133,0,56,356568,0,1,1,0,0,0.30357,1,0,0,0,468000.00,500000.00,"0",1
1400749,320,0,0,2,496850,0,1,1,0,0,1,1,0,0,0,496700.00,499320.00,"0",1
1400755,2236,0,0,11,99124,0,1,1,0,0,0.09091,3,13,0,0,94640.00,101920.00,"0",1
1400786,195,0,0,90,429148,0,1,1,0,0,0.31111,3,13,0,0,174403.25,250000.00,"0",1
1400881,2236,0,0,5,138174,0,1,1,0,0,0.4,3,7,0,0,91000.00,91620.00,"0",1
1400912,280,0,0,1,1069491,0,1,1,0,0,1,3,13,0,0,1069491.00,1069491.00,"0",1
1400941,770,0,0,3,431833,0,1,1,0,0,0.33333,1,0,0,0,368000.00,405000.00,"0",1
1400961,630,0.00317,0,2,529690,0,1,1,0,0,0.5,3,13,0,0,299381.24,334603.00,"0",1
1400964,167,0,0,2,85428,0,1,1,0,0,1,3,19,0,0,83962.90,84000.00,"0",1
1400967,2236,0,0,1,333000,0,1,1,0,0,1,3,13,0,0,333000.00,333000.00,"0",1
1400978,97,0,0,1,250000,0,1,1,0,0,1,3,7,0,1,250000.00,446760.00,"0",1
1401021,955,0,0,45,511477,0,1,1,0,0,0.02222,3,13,0,0,20920.00,30490.00,"0",1
1401050,72,0,0,4,142533,0,1,1,0,0,0.25,3,13,0,0,168202.00,194000.00,"0",1
1401052,2236,0,0,16,1642879,0,1,1,0,0,0.1875,3,31,0,0,36478.80,36478.80,"0",1
1401070,396,0,0,2,293205,0,1,1,0,0,0.5,3,13,0,0,94500.00,151766.00,"0",1
1401084,2236,0,0,1,265700,0,1,1,0,0,1,3,13,0,0,265700.00,274566.67,"0",1
1401116,72,0,0,5,118535,0,1,1,0,0,0.2,3,13,0,0,102800.00,105500.00,"0",1
1401198,280,0,0,2,751094,0,1,1,0,0,0.5,3,13,0,0,137000.00,137932.00,"0",1
1401218,675,0,0,2,86250,0,1,1,0,0,0.5,3,13,0,0,98000.00,99540.00,"0",1
1401250,2157,0,0,1,253000,0,1,1,0,0,1,3,13,0,0,253000.00,380000.00,"0",1
1401264,1017,0,0,5,236144,0,1,1,0,0,0.4,3,13,0,0,233867.20,249000.00,"0",1
1401304,23,0,0,1,135405,0,1,1,0,0,1,3,13,0,0,135405.00,177000.00,"0",1
1401344,2236,0,0,12,662595,0,1,1,0,0,0.16667,3,19,0,0,105000.00,113505.00,"0",1
1401385,93,0,0,43,455408,0,1,1,0,0,0.48837,3,19,0,0,186590.00,190056.00,"0",1
1401402,2157,0,0,3,187676,0,1,1,0,0,0.33333,3,13,0,0,25000.00,25165.00,"0",1
1401465,61,0,0,22,109508,0,1,1,0,0,0.27273,3,13,0,0,114140.64,137225.00,"0",1
1401476,2157,0,0,9,458833,0,1,1,0,0,0.33333,3,13,0,0,567936.36,567936.36,"0",1
1401493,215,0,0,1,601300,0,1,1,0,0,1,3,9,0,1,601300.00,1870000.00,"0",1
1401508,2236,0,0,34,1404947,0,1,1,0,0,0.23529,3,31,0,0,238721.46,238721.46,"0",1
1401511,2236,0,0,2,461119,0,1,1,0,0,0.5,3,13,0,0,226373.64,230993.55,"0",1
1401513,2236,0,0,1,2305083,0,1,1,0,0,1,3,13,0,0,2305083.37,2316666.70,"0",1
1401548,61,0,0,1,1044370,0,1,1,0,0,1,3,13,0,0,1044370.00,1049619.00,"0",1
1401551,2157,0,0,1,109424,0,1,1,0,0,1,3,13,0,0,109424.93,153967.22,"0",1
1401565,630,0.00317,0,4,198450,0,1,1,0,0,0.25,3,7,0,0,52000.00,75400.00,"0",1
1385832,1017,0,0,3,466666,0,1,1,0,0,0.33333,2,8,0,0,700000.00,0.00,"0",0
1386276,172,0,0,1,131000,0,1,1,0,0,1,3,13,0,0,131000.00,0.00,"0",0
1394589,131,0,0,1,411000,0,1,1,0,0,1,3,13,0,0,411000.00,499000.00,"0",0
1396647,92,0,0,3,80000,0,1,1,0,0,0.66667,1,0,0,0,60000.00,60000.00,"0",0
1396900,92,0,0,3,80000,0,1,1,0,0,0.66667,1,0,0,0,60000.00,60000.00,"0",0
1400355,753,0.00133,0,8,426665,0,1,1,0,0,0.75,3,19,0,0,495000.00,500000.00,"0",0
1400371,753,0.00133,0,1,88000,0,1,1,0,0,1,3,13,0,0,88000.00,95000.00,"0",0
1400500,753,0.00133,0,1,244000,0,1,1,0,0,1,3,13,0,0,244000.00,250000.00,"0",0
1406630,753,0.00133,0,8,426665,0,1,1,0,0,0.125,3,19,0,0,298000.00,300000.00,"0",0
1407503,630,0.00317,0,9,187196,0,1,1,0,0,0.33333,3,13,0,0,185000.00,230105.00,"0",0
1408000,630,0.00317,0,1,584155674,0,1,1,0,0,1,3,19,0,0,584155674.00,596077220.00,"0",0
1408905,320,0,0,7,188013,0,1,1,0,0,0.28571,3,13,0,0,275660.98,433902.07,"0",0
1409523,770,0,0,8,757098,0,1,1,0,0,0.25,3,13,0,0,1492500.00,1500000.00,"0",0
1410049,753,0.00133,0,5,264730,0,1,1,0,0,0.4,3,13,0,1,200000.00,500000.00,"0",0
1410236,753,0.00133,0,19,341217,0,1,1,0,0,0.10526,3,13,0,0,981100.00,1260000.00,"0",0
1410524,21,0,0,13,1208617,0,1,1,0,0,0.15385,3,13,0,0,3000000.00,3000000.00,"0",0
1410525,21,0,0,13,1208617,0,1,1,0,0,0.15385,3,13,0,0,1700000.00,1700000.00,"0",0
1410526,21,0,0,12,1981357,0,1,1,0,0,0.16667,3,13,0,0,2700000.00,2700000.00,"0",0
1411077,753,0.00133,0,1,274084,0,1,1,0,0,1,3,13,0,0,274084.00,274084.00,"0",0
1411302,21,0,0,13,1208617,0,1,1,0,0,0.15385,3,13,0,0,2288500.50,2300000.00,"0",0
1411572,320,0,0,7,188013,0,1,1,0,0,0.14286,3,13,0,0,379227.95,471090.50,"0",0
1414094,753,0.00133,0,3,58921,0,1,1,0,0,0.33333,3,13,0,1,148861.15,250000.00,"0",0
1415733,1017,0,0,3,466666,0,1,1,0,0,0.33333,2,8,0,0,300000.00,300000.00,"0",0
1417496,588,0,0,1,12363,0,1,1,0,0,1,3,19,0,0,12363.25,14000.00,"0",0
1418721,225,0,0,94,535692,0,1,1,0,0,0.28723,3,13,1,0,312254.19,309554.46,"0",0
1424852,225,0,0,4,228305,0,1,1,0,0,0.25,3,13,0,0,389850.00,455703.00,"0",0
1424855,225,0,0,4,228305,0,1,1,0,0,0.25,3,13,0,0,163020.00,221334.60,"0",0
1428144,453,0,0,4,215875,0,1,1,0,0,0.5,1,0,0,0,198500.00,313378.42,"0",0
1428545,225,0,0,4,228305,0,1,1,0,0,0.25,3,13,0,0,64050.00,85715.00,"0",0
1429032,225,0,0,4,228305,0,1,1,0,0,0.25,3,13,0,0,296300.00,351400.00,"0",0
1430232,630,0.00317,0,2,1072276,0,1,1,0,0,0.5,3,13,0,0,537798.00,537798.00,"0",0
1432133,752,0,0,1,2713298,0,1,1,0,0,1,3,0,0,1,2713298.60,5292440.00,"0",0
1432543,613,0,0,6,217506,0,1,1,0,0,0.16667,1,0,0,0,623000.00,792527.00,"0",0
1433038,225,0,0,173,663627,0,1,1,0,0,0.14451,3,19,0,0,784600.00,784600.00,"0",0
1433364,496,0,0,173,663627,0,1,1,0,0,0.12717,3,19,0,0,159500.00,159500.00,"0",0
1433378,496,0,0,173,663627,0,1,1,0,0,0.13873,3,19,0,0,290900.00,290900.00,"0",0
1440719,561,0,0,123,103592,0,1,1,0,0,0.1626,3,13,0,0,26626.20,26760.00,"0",0
1441582,561,0,0,123,103592,0,1,1,0,0,0.01626,3,13,0,0,2060.85,2060.85,"0",0
1442192,43,0,0,1,909228,0,1,1,0,0,1,3,13,0,0,909228.34,1063425.00,"0",0
1442473,225,0,0,173,663627,0,1,1,0,0,0.13295,3,19,0,0,809270.00,809270.00,"0",0
1442475,613,0,0,348,1237047,0,1,1,0,0,0.16379,3,19,0,0,174240.00,174240.00,"0",0
1442656,653,0,0,348,1237047,0,1,1,0,0,0.00287,3,19,0,0,20000000.00,20000000.00,"0",0
1442710,561,0,0,4,252271,0,1,1,0,0,0.25,3,13,0,0,135624.00,135624.00,"0",0
1442898,753,0.00133,0,4,647077,0,1,1,0,0,0.5,1,0,0,0,233000.00,250000.00,"0",0
1444036,561,0,0,123,103592,0,1,1,0,0,0.04065,3,13,0,0,8989.95,8989.95,"0",0
1444050,561,0,0,291,196459,0,1,1,0,0,0.13058,3,13,0,0,77601.94,78385.80,"0",0
1444066,561,0,0,291,196459,0,1,1,0,0,0.07904,3,13,0,0,47165.98,47403.00,"0",0
1444753,581,0,0,13,71208,0,1,1,0,0,0.15385,3,5,0,0,320000.00,320000.00,"0",0
1445095,2236,0,0,4,114725,0,1,1,0,0,0.75,3,13,0,0,94900.00,99833.35,"0",0
1445524,561,0,0,3,60000,0,1,1,0,0,1,3,13,0,0,58000.00,92800.00,"0",0
1447597,561,0,0,123,103592,0,1,1,0,0,0.08943,3,13,0,0,74573.26,74948.00,"0",0
1448304,561,0,0,123,103592,0,1,1,0,0,0.17073,3,13,0,0,51806.21,52329.50,"0",0
1448320,613,0,0,1,50000,0,1,1,0,0,1,1,0,0,0,50000.00,53375.00,"0",0
1449005,561,0,0,348,1237047,0,1,1,0,0,0.10057,3,19,0,0,142561.80,142565.25,"0",0
1449277,189,0,0,43,455408,0,1,1,0,0,0.39535,3,19,0,0,208800.00,209410.00,"0",0
1449343,581,0,0,2,181985,0,1,1,0,0,0.5,3,0,0,0,75501.31,99737.99,"0",0
1450917,2236,0,0,4,114725,0,1,1,0,0,0.75,3,13,0,0,88002.00,88648.38,"0",0
1450957,613,0,0,5,107660,0,1,1,0,0,0.2,3,13,0,0,76500.00,79500.00,"0",0
1451397,561,0,0,4,53709,0,1,1,0,0,0.25,3,13,0,0,38000.00,38000.00,"0",0
1451446,306,0,0,1,175000,0,1,1,0,0,1,3,13,0,0,175000.00,272000.00,"0",0
1451620,613,0,0,88,306813,0,1,1,0,0,0.125,3,13,0,0,577082.00,577104.00,"0",0
1451682,613,0,0,8,505904,0,1,1,0,0,0.25,3,5,0,0,1884457.44,1900000.00,"0",0
1452243,613,0,0,88,306813,0,1,1,0,0,0.01136,3,13,0,0,2948365.00,2984989.00,"0",0
1452448,496,0,0,26,542866,0,1,1,0,0,0.11538,3,0,0,0,345636.00,345636.00,"0",0
1453117,143,0,0,1,23850,0,1,1,0,0,1,3,13,0,1,23850.00,150000.00,"0",0
1453136,24,0,0,1,92700,0,1,1,0,0,1,3,13,0,0,92700.00,146000.00,"0",0
1453158,225,0,0,1,766950,0,1,1,0,0,1,3,19,0,0,766950.00,766950.00,"0",0
1453164,561,0,0,8,48494,0,1,1,0,0,0.125,3,13,0,0,50000.00,50000.00,"0",0
1453491,561,0,0,123,103592,0,1,1,0,0,0.12195,3,13,0,0,32337.50,32500.00,"0",0
1453492,561,0,0,123,103592,0,1,1,0,0,0.01626,3,13,0,0,1890.50,1900.00,"0",0
1453493,561,0,0,123,103592,0,1,1,0,0,0.19512,3,13,0,0,45837.66,46068.00,"0",0
1453643,561,0,0,123,103592,0,1,1,0,0,0.08943,3,13,0,0,73954.75,91869.40,"0",0
1453644,561,0,0,123,103592,0,1,1,0,0,0.03252,3,13,0,0,8755.55,8755.55,"0",0
1453645,561,0,0,123,103592,0,1,1,0,0,0.04065,3,13,0,0,300569.97,314733.00,"0",0
1453647,561,0,0,123,103592,0,1,1,0,0,0.1626,3,13,0,0,40245.00,40245.00,"0",0
1453655,170,0,0,348,1237047,0,1,1,0,0,0.19253,3,19,0,0,196020.00,197700.00,"0",0
1454045,561,0,0,5,44400,0,1,1,0,0,0.2,3,13,0,0,23506.87,23625.00,"0",0
1454046,561,0,0,5,44400,0,1,1,0,0,0.2,3,13,0,0,5280.96,5307.50,"0",0
1454049,561,0,0,5,44400,0,1,1,0,0,0.2,3,13,0,0,38839.82,39035.00,"0",0
1454055,561,0,0,5,44400,0,1,1,0,0,0.4,3,13,0,0,82366.90,82780.80,"0",0
1454057,561,0,0,123,103592,0,1,1,0,0,0.13008,3,13,0,0,132066.35,132730.00,"0",0
1454060,561,0,0,1,45220,0,1,1,0,0,1,3,8,0,1,45220.00,76000.00,"0",0
1455143,2236,0,0,1,600000,0,1,1,0,0,1,3,13,0,0,600000.00,766190.50,"0",0
1455232,95,0,0,8,168528,0,1,1,0,0,0.125,1,0,0,0,44505.00,45329.94,"0",0
1455437,613,0,0,88,306813,0,1,1,0,0,0.05682,3,13,0,0,670260.00,683469.60,"0",0
1455447,259,0.00386,0,348,1237047,0,1,1,0,0,0.18966,3,19,0,0,243009.00,243026.00,"0",0
1455469,1017,0,0,7,1075503,0,1,1,0,0,0.14286,3,13,0,0,1397675.99,1654054.38,"0",0
1456150,95,0,0,8,168528,0,1,1,0,0,0.25,1,0,0,0,14000.00,14779.98,"0",0
1456370,36,0,0,2,448730,0,1,1,0,0,1,3,13,0,0,432460.00,437460.00,"0",0
1456901,613,0,0,88,306813,0,1,1,0,0,0.04545,3,13,0,0,35101.00,35807.00,"0",0
1457721,92,0,0,6,73000,0,1,1,0,0,0.66667,1,0,0,0,63000.00,63000.00,"0",0
1457732,92,0,0,12,68000,0,1,1,0,0,0.75,1,0,0,0,63000.00,63000.00,"0",0
1458154,59,0,0,11,404030,0,1,0.90909,0,0,0.27273,3,0,0,0,250000.00,250000.00,"0",0
1458374,225,0,0,2,662315,0,1,1,0,0,0.5,3,13,0,0,917617.86,922229.00,"0",0
1458375,225,0,0,2,662315,0,1,1,0,0,0.5,3,13,0,0,407012.41,409057.70,"0",0
1458404,753,0.00133,0,1,307950,0,1,1,0,0,1,3,13,0,0,307950.00,307950.00,"0",0
1459004,753,0.00133,0,1,391224,0,1,1,0,0,1,3,13,0,0,391224.19,437122.00,"0",0
1459347,752,0,0,1,1905024,0,1,1,0,0,1,3,8,0,0,1905024.00,2995200.00,"0",0
1459586,770,0,0,3,512967,0,1,1,0,0,0.33333,3,13,0,0,299898.18,299898.18,"0",0
1460303,653,0,0,1,38090,0,1,1,0,0,1,3,0,0,0,38090.00,42682.67,"0",0
1460846,613,0,0,26,542866,0,1,1,0,0,0.11538,3,0,0,0,166160.00,166160.00,"0",0
1460913,221,0,0,26,542866,0,1,1,0,0,0.19231,3,0,0,0,856822.50,856822.50,"0",0
1460943,225,0,0,26,542866,0,1,1,0,0,0.19231,3,0,0,0,791790.00,791790.00,"0",0
1461017,496,0,0,3,294283,0,1,1,0,0,0.33333,3,0,0,0,297309.00,297309.00,"0",0
1461621,170,0,0,3,293820,0,1,1,0,0,0.66667,3,0,0,0,189620.00,197804.00,"0",0
1462901,195,0,0,21,185014,0,1,1,0,0,0.04762,3,0,0,0,234070.00,286710.00,"0",0
1462993,955,0,0,182,186916,0,1,1,0,0,0.12637,1,0,0,0,99950.00,139400.00,"0",0
1463050,232,0.00431,0,7,19364,0,1,1,0,0.14286,0.42857,3,13,0,1,19850.00,61250.00,"0",0
1463157,561,0,0,128,144305,0,1,1,0,0,0.15625,3,8,0,0,70299.90,71010.00,"0",0
1463158,561,0,0,1,98823,0,1,1,0,0,1,3,0,0,0,98823.05,110875.00,"0",0
1463161,561,0,0,123,103592,0,1,1,0,0,0.19512,3,13,0,0,49352.00,49600.00,"0",0
1463163,561,0,0,123,103592,0,1,1,0,0,0.09756,3,13,0,0,94935.00,95413.00,"0",0
1463416,561,0,0,3,60000,0,1,1,0,0,1,3,13,0,0,66000.00,66000.00,"0",0
1463582,396,0,0,8,46813,0,1,1,0,0,0.75,3,0,0,0,38130.00,38130.00,"0",0
1463584,396,0,0,8,46813,0,1,1,0,0,0.25,3,0,0,0,65739.93,65739.93,"0",0
1463586,396,0,0,8,46813,0,1,1,0,0,0.625,3,0,0,0,44486.28,44486.28,"0",0
1463591,396,0,0,8,46813,0,1,1,0,0,0.25,3,0,0,0,57633.51,57633.51,"0",0
1463592,396,0,0,8,46813,0,1,1,0,0,0.625,3,0,0,0,44486.28,44486.28,"0",0
1463593,396,0,0,8,46813,0,1,1,0,0,0.25,3,0,0,0,35060.55,35060.55,"0",0
1463594,396,0,0,8,46813,0,1,1,0,0,0.625,3,0,0,0,44486.28,44486.28,"0",0
1463595,396,0,0,8,46813,0,1,1,0,0,0.625,3,0,0,0,44486.28,44486.28,"0",0
1463763,561,0,0,123,103592,0,1,1,0,0,0.12195,3,13,0,0,21539.00,21647.50,"0",0
1463765,561,0,0,123,103592,0,1,1,0,0,0.02439,3,13,0,0,635220.44,638412.50,"0",0
1464158,232,0.00431,0,1,315000,0,1,1,0,0,1,3,0,0,0,315000.00,407174.50,"0",0
1464184,561,0,0,123,103592,0,1,1,0,0,0.02439,3,13,0,0,403614.00,405642.50,"0",0
1465642,561,0,0,123,103592,0,1,1,0,0,0.10569,3,13,0,0,91711.14,92172.00,"0",0
1465757,325,0,0,1,71982,0,1,1,0,0,1,3,0,0,0,71982.00,106000.00,"0",0
1465929,561,0,0,123,103592,0,1,1,0,0,0.12195,3,13,0,0,149292.00,150043.00,"0",0
1466661,662,0,0,4,146730,0,1,1,0,0,0.25,3,0,0,1,95330.00,231111.66,"0",0
1467826,225,0,0,26,542866,0,1,1,0,0,0.19231,3,0,0,0,853775.00,853775.00,"0",0
1467948,72,0,0,2,164466,0,1,1,0,0,0.5,3,0,0,0,125000.00,128894.94,"0",0
1468028,653,0,0,3,313053,0,1,1,0,0,0.33333,3,0,0,0,750000.00,750000.00,"0",0
1468105,167,0,0,1,128196,0,1,1,0,0,1,3,0,0,0,128196.84,155870.00,"0",0
1468246,143,0,0,1,75000,0,1,1,0,0,1,3,0,0,1,75000.00,150000.00,"0",0
1469906,561,0,0,123,103592,0,1,1,0,0,0.06504,3,13,0,0,206038.00,207185.00,"0",0
1470599,59,0,0,3,210574,0,1,1,0,0,0.33333,3,0,0,0,136723.06,136723.06,"0",0
1471237,753,0.00133,0,13,726933,0,1,1,0,0,0.30769,3,13,0,0,623010.56,819750.72,"0",0
1475166,581,0,0,1,144997,0,1,1,0,0,1,3,48,0,0,144997.97,145000.00,"0",0
1475205,278,0,0,1,58000,0,1,1,0,0,1,3,0,0,1,58000.00,101744.57,"0",0
1475973,2236,0,0,1,421883,0,1,1,0,0,1,3,0,0,1,421883.88,788568.00,"0",0
1476759,598,0,0,3,71773,0,1,1,0,0,1,1,0,0,0,75000.00,75000.00,"0",0
1477086,325,0,0,1,26386,0,1,1,0,0,1,3,0,0,0,26386.56,35340.00,"0",0
1477393,561,0,0,34,110160,0,1,0.94118,0,0,0.05882,3,0,0,0,238137.47,323996.50,"0",0
1477416,2236,0,0,80,2142558,0,1,0.925,0,0,0.1,3,0,0,0,1839117.00,1839117.69,"0",0
1478608,613,0,0,3,398776,0,1,1,0,0,0.66667,3,0,0,0,172700.00,172700.00,"0",0
1478837,753,0.00133,0,3,166626,0,1,1,0,0,0.66667,3,0,0,0,218850.00,245320.00,"0",0
1479021,225,0,0,4,95400,0,1,1,0,0,0.75,3,0,0,0,115200.00,115998.00,"0",0
1479060,561,0,0,123,103592,0,1,1,0,0,0.0813,3,13,0,0,188870.00,188870.00,"0",0
1479147,325,0,0,1,25800,0,1,1,0,0,1,3,0,0,0,25800.00,25800.00,"0",0
1479192,2157,0,0,2,153900,0,1,1,0,0,0.5,3,0,0,1,246000.00,492000.00,"0",0
1479485,2236,0,0,80,2142558,0,1,0.925,0,0,0.075,3,0,0,0,1177746.00,1177746.04,"0",0
1479486,561,0,0,123,103592,0,1,1,0,0,0.13008,3,13,0,0,128600.90,164967.00,"0",0
1480254,613,0,0,6,162648,0,1,1,0,0,0.5,3,0,0,0,180910.00,182590.00,"0",0
1480901,955,0,0,154,147749,0,0.97403,0.97403,0,0,0.08442,3,0,0,0,23807.50,39263.75,"0",0
1480940,955,0,0,21,189991,0,1,1,0,0,0.04762,3,0,0,0,51744.00,51983.30,"0",0
1482244,613,0,0,3,125266,0,1,1,0,0,0.66667,3,0,0,0,188890.00,192683.79,"0",0
1482305,140,0,0,103,622219,0,1,1,0,0,0.03883,3,0,0,0,2340610.00,2463800.00,"0",0
1482374,561,0,0,123,103592,0,1,1,0,0,0.20325,3,13,0,0,48798.69,71885.00,"0",0
1482492,752,0,0,63,470946,0,1,1,0,0,0.12698,3,0,0,0,249600.00,249600.00,"0",0
1482493,752,0,0,1,92748,0,1,1,0,0,1,3,0,0,1,92748.00,157200.00,"0",0
1484570,195,0,0,3,231495,0,1,1,0,0,0.66667,3,0,0,0,206657.28,280365.33,"0",0
1485877,54,0,0,1,160705,0,1,1,0,0,1,3,0,0,0,160705.00,199335.23,"0",0
1486142,561,0,0,1,23604,0,1,1,0,0,1,3,13,0,0,23604.75,23604.75,"0",0
1486178,92,0,0,12,425479,0,1,1,0,0,0.16667,3,0,0,0,90000.00,106590.00,"0",0
1486719,278,0.00719,0,1,247000,0,1,1,0,0,1,3,0,0,0,247000.00,248666.67,"0",0
1486756,561,0,0,1,79920,0,1,1,0,0,1,3,8,0,0,79920.00,79920.00,"0",0
1486790,232,0.00431,0,7,47276,0,1,1,0,0,0.28571,3,0,0,0,50425.00,50425.00,"0",0
1487048,2157,0,0,8,887804,0,1,1,0,0,0.125,3,0,0,0,285000.00,300000.00,"0",0
1487317,662,0,0,1,157561,0,1,1,0,0,1,3,0,0,0,157561.20,220608.00,"0",0
1487926,92,0,0,2,80650,0,1,1,0,0,0.5,3,0,0,0,115000.00,117000.00,"0",0
1488043,143,0,0,2,71276,0,1,1,0,0,1,3,0,0,1,71276.00,200000.00,"0",0
1488322,2236,0,0,80,2142558,0,1,0.925,0,0,0.025,3,0,0,0,85170.00,85175.70,"0",0
1489106,662,0,0,1,3518314,0,1,1,0,0,1,0,0,0,0,3518314.08,0.00,"0",0
1489107,598,0,0,1,34650,0,1,1,0,0,1,1,0,0,0,34650.00,34650.00,"0",0
1489310,65,0,0,33,1865902,0,1,1,0,0,0.0303,3,0,0,0,38700.00,0.00,"0",0
1489313,140,0,0,3,889602,0,1,1,0,0,0.33333,3,0,0,0,318117.50,424157.00,"0",0
1489314,140,0,0,1,157000,0,1,1,0,0,1,0,0,0,0,157000.65,209334.20,"0",0
1489459,598,0,0,2,4351974,0,1,1,0,0,0.5,3,0,0,0,1303950.00,1303950.00,"0",0
1489586,598,0,0,1,78750,0,1,1,0,0,1,1,0,0,0,78750.00,0.00,"0",0
1489873,228,0,0,63,440495,0,1,0.77778,0,0,0.12698,3,0,0,0,136089.25,0.00,"0",0
1490910,150,0,0,1,149500,0,1,1,0,0,1,3,0,0,0,149500.00,180000.00,"0",0
1491033,630,0.00317,0,253,186068,0,1,1,0,0,0.09486,3,0,0,0,169258.46,170109.00,"0",0
1491034,630,0.00317,0,253,186068,0,1,1,0,0,0.09881,3,0,0,0,329058.44,330712.00,"0",0
1491128,108,0,0,20,361118,0,1,1,0,0.05,0.2,3,0,0,0,224366.65,224366.65,"0",0
1491684,630,0.00317,0,253,186068,0,1,1,0,0,0.11067,3,0,0,0,98179.29,99171.00,"0",0
1491827,259,0.00386,0,1,213842,0,1,1,0,1,1,3,0,0,0,213842.00,213842.00,"0",0
1492502,1017,0,0,1,55000,0,1,1,0,0,1,1,0,0,0,55000.00,56020.00,"0",0
1492938,1017,0,0,1,16000,0,1,1,0,0,1,3,0,0,0,16000.00,16306.00,"0",0
1493532,325,0,0,2,33978,0,1,1,0,0,0.5,3,0,0,0,15390.00,0.00,"0",0
1493620,221,0,0,1,121099,0,1,1,0,0,1,3,0,0,0,121099.00,150616.50,"0",0
1493621,581,0,0,1,201020,0,1,1,0,0,1,0,0,0,1,201020.00,561000.00,"0",0
1494541,588,0,0,1,30000,0,1,1,0,0,1,3,0,0,0,30000.00,30266.80,"0",0
1494651,140,0,0,1,2486280,0,1,1,0,0,1,0,0,0,0,2486280.83,2498774.70,"0",0
1495291,413,0.00242,0,1,3735070,0,1,1,0,0,1,3,0,0,0,3735070.00,4318000.00,"0",0
1495472,588,0,0,1,68000,0,1,1,0,0,1,3,0,0,0,68000.00,100696.63,"0",0
1495841,753,0.00133,0,1,68400,0,1,1,0,0,1,3,0,0,1,68400.00,142533.32,"0",0
1498676,212,0,0,7,138291,0,1,1,0,0,0.14286,1,0,0,1,414385.70,795600.00,"0",0
1499272,653,0,0,1,1342663,0,1,1,0,0,1,3,0,0,0,1342663.60,1467280.00,"0",0
1500222,453,0,0,2,1400000,0,1,1,0,0,0.5,1,0,0,0,800000.00,800000.00,"0",0
1500407,581,0,0,1,30000,0,1,1,0,0,1,3,0,0,0,30000.00,30000.00,"0",0
1500484,1017,0,0,1,91000,0,1,1,0,0,1,3,0,0,0,91000.00,99375.00,"0",0
1500656,662,0,0,1,141969,0,1,1,0,0,1,3,45,0,0,141969.06,141969.06,"0",0
1501018,278,0.00719,0,5,226555,0,1,1,0,0.6,0.2,0,0,0,0,50722.36,60142.24,"0",0
1501019,278,0.00719,0,5,226555,0,1,1,0,0.6,0.6,0,0,0,0,156840.05,187544.48,"0",0
1501020,581,0,0,6,287065,0,1,1,0,0,0.33333,3,0,0,0,436979.00,604128.00,"0",0
1502453,496,0,0,17,176491,0,1,0.64706,0,0,0.23529,3,0,0,0,282000.00,302011.86,"0",0
1502933,496,0,0,5,138712,0,1,1,0,0,0.2,3,0,0,0,44253.00,65340.00,"0",0
1503065,581,0,0,125,572028,0,1,1,0,0,0.064,3,0,0,0,634864.00,638054.32,"0",0
1503362,157,0,0,1,497319,0,1,1,0,0,1,0,0,0,0,497319.76,573602.04,"0",0
1504879,221,0,0,22,2918178,0,1,0.77273,0,0,0.27273,3,0,0,0,1841751.00,1841751.00,"0",0
1504884,770,0,0,10,244812,0,1,0.6,0,0,0.1,0,0,0,0,474157.06,656023.85,"0",0
1505552,581,0,0,3,131943,0,1,0.66667,0,0,0.33333,2,8,0,0,222500.00,222500.00,"0",0
1506450,140,0,0,9,843146,0,1,1,0,0,0.22222,3,45,0,0,2280720.00,2280720.00,"0",0
1507423,141,0,0,1,105963,0,1,1,0,0,1,0,45,0,0,105963.00,139582.17,"0",0
1508489,93,0,0,5,2050048,0,1,0.4,0,0,0.2,2,8,0,0,1476431.71,1857147.00,"0",0
1508783,653,0,0,1,435240,0,1,1,0,0,1,0,45,0,0,435240.00,435240.00,"0",0
1509034,653,0,0,1,462925,0,1,1,0,0,1,3,45,0,1,462925.00,803082.29,"0",0
1509049,496,0,0,3,180206,0,1,1,0,0,0.33333,0,45,0,0,217160.00,258640.00,"0",0
1509349,360,0.00556,0,1,71580,0,1,1,0,0,1,2,8,0,0,71580.00,71580.00,"0",0
1509642,581,0,0,5,314583,0,1,0.8,0,0,0.6,0,45,0,1,194329.27,377982.70,"0",0
1509958,613,0,0,14,403091,0,1,1,0,0,0.07143,0,45,0,0,1561095.00,1568940.00,"0",0
1510182,581,0,0,5,205050,0,1,0.6,0,0,0.2,3,49,0,0,700000.00,700000.00,"0",0
1510385,653,0,0,2,3114686,0,1,1,0,0,0.5,0,0,0,0,6158193.85,6497014.74,"0",0
1511032,93,0,0,2,181213,0,1,1,0,0,0.5,0,48,0,0,287554.92,288999.92,"0",0
1511348,1017,0,0,5,346973,0,0.4,0.4,0,0,0.2,0,45,0,0,16667.00,16667.00,"0",0
1511349,662,0,0,1,62100,0,1,1,0,0,1,3,0,0,0,62100.00,99000.00,"0",0
1511775,1017,0,0,5,1100870,0,1,1,0,0,0.2,0,45,0,0,201800.00,201800.00,"0",0
1512180,79,0,0,3,354388,0,1,1,0,0,0.66667,3,45,0,0,488235.00,592510.75,"0",0
1512567,141,0,0,7,234025,0,1,1,0,0,0.14286,0,45,0,0,587755.10,587755.11,"0",0
1513475,955,0,0,1,175000,0,1,1,0,0,1,0,45,0,0,175000.00,175000.00,"0",0
1513577,588,0,0,48,551676,0,1,1,0,0,0.08333,0,45,0,0,95685.00,98991.50,"0",0
1513808,675,0,0,8,61549,0,1,1,0,0,0.125,2,8,0,0,129322.05,135590.00,"0",0
1513957,122,0,0,4,223299,0,1,0.75,0,0,0.25,0,0,0,0,333200.00,507200.00,"0",0
1514091,662,0,0,1,18709,0,1,1,0,0,1,3,0,0,1,18709.85,58029.67,"0",0
1514241,413,0.00242,0,1,95000,0,1,1,0,0,1,3,47,0,1,95000.00,160000.00,"0",0
1514400,955,0,0,9,410982,0,1,0.33333,0,0,0.22222,0,0,0,0,208710.00,212418.58,"0",0
1514708,653,0,0,1,52210,0,1,1,0,0,1,3,0,0,0,52210.00,52210.00,"0",0
1514725,653,0,0,6,215221,0,1,0.5,0,0,0.33333,0,0,0,0,418560.00,476092.00,"0",0
1514729,36,0,0,1,228502,0,1,1,0,0,1,3,0,0,0,228502.00,258437.12,"0",0
1515493,2236,0,0,1,325971,0,1,1,0,0,1,3,45,0,1,325971.44,566906.58,"0",0
1516510,360,0.00556,0,1,489537,0,1,1,0,0,1,3,45,0,0,489537.30,692722.09,"0",0
1516987,360,0.00556,0,6,91156,0,1,1,0,0,0.33333,3,45,0,0,197000.00,200000.00,"0",0
1517234,662,0,0,1,107423,0,1,1,0,0,1,0,0,0,0,107423.33,107423.33,"0",0
1517575,662,0,0,1,173000,0,1,1,0,0,1,0,0,0,0,173000.00,174000.00,"0",0
1517851,588,0,0,35,221563,0,1,1,0,0,0.05714,0,0,0,0,269717.63,271073.00,"0",0
1518966,54,0,0,28,245767,0,1,0.57143,0,0,0.07143,2,8,0,0,76615.00,77000.00,"0",0
1518991,753,0.00133,0,1,449385,0,1,1,0,0,1,3,45,0,1,449385.39,1564995.00,"0",0
1519139,212,0,0,3,74934,0,1,0.66667,0,0,0.33333,0,0,0,0,72000.00,72280.00,"0",0
1519637,413,0.00242,0,8,61549,0,1,1,0,0,0.375,2,8,0,0,60000.00,85160.67,"0",0
1519976,662,0,0,1,612495,0,1,1,0,0,1,0,0,0,1,612495.00,1225000.00,"0",0
1520089,325,0,0,1,59200,0,1,1,0,0,1,3,0,0,0,59200.00,92000.00,"0",0
1520522,675,0,0,8,61549,0,1,1,0,0,0.375,2,8,0,0,71385.00,71385.00,"0",0
1521018,753,0.00133,0,1,200000,0,1,1,0,0,1,3,45,0,0,200000.00,225436.98,"0",0
1521344,581,0,0,1,217000,0,1,1,0,0,1,0,0,0,0,217000.00,261000.00,"0",0
1522668,325,0,0,1,232090,0,1,1,0,0,1,3,0,0,0,232090.96,299472.20,"0",0
1523375,157,0,0,1,114644,0,1,1,0,0,1,3,45,0,1,114644.64,258884.28,"0",0
1523582,143,0,0,1,50000,0,1,1,0,0,1,3,0,0,0,50000.00,50000.00,"0",0
1524146,955,0,0,1,148768,0,1,1,0,0,1,0,0,0,0,148768.45,148768.45,"0",0
1524496,259,0.00386,0,2,438792,0,1,1,0,0,0.5,0,45,0,0,275597.65,437569.96,"0",0
1525167,588,0,0,56,1784208,0,1,0.5,0,0,0.10714,0,0,0,0,336000.00,360300.00,"0",0
1525536,770,0,0,1,220000,0,1,1,0,0,1,3,45,0,0,220000.00,269776.00,"0",0
1526793,653,0,0,1,101750,0,1,1,0,0,1,3,45,0,0,101750.00,101750.00,"0",0
1526866,581,0,0,1,100000,0,1,1,0,0,1,3,45,0,0,100000.00,100000.00,"0",0
1526957,753,0.00133,0,1,630000,0,1,1,0,0,1,3,0,0,0,630000.00,630000.00,"0",0
1527810,413,0.00242,0,5,48950,0,1,1,0,0,0.4,0,49,0,0,21240.00,21960.00,"0",0
1528243,662,0,0,2,3281503,0,1,1,0,0,0.5,3,45,0,0,1226646.24,1978461.80,"0",0
1529545,588,0,0,1,76400,0,1,1,0,0,1,3,45,0,0,76400.00,89296.66,"0",0
1530221,653,0,0,1,318000,0,1,1,0,0,1,3,0,0,0,318000.00,440079.76,"812110000",0
1532871,225,0,0,1,1514150,0,1,1,0,0,1,0,0,0,0,1514150.00,1514150.00,"192021115",0
1532871,225,0,0,1,1514150,0,1,1,0,0,1,0,0,0,0,1514150.00,1514150.00,"192021125",0
1532871,225,0,0,1,1514150,0,1,1,0,0,1,0,0,0,0,1514150.00,1514150.00,"192021321",0
1533018,630,0.00317,0,1,872000,0,1,1,0,0,1,3,120,0,0,872000.00,1400000.00,"932929000",0
1533962,1017,0,0,1,93667,0,1,1,0,0,1,3,48,0,0,93667.00,93667.00,"0",0
1534176,485,0,0,18,318327,0,1,0.11111,0,0,0.11111,0,0,0,0,98550.00,98570.00,"192021111",0
1534176,485,0,0,18,318327,0,1,0.05556,0,0,0.11111,0,0,0,0,98550.00,98570.00,"192021311",0
1534617,1017,0,0,2,279775,0,1,1,0,0,0.5,3,105,0,0,477300.00,650700.00,"661999190",0
1534618,1017,0,0,2,14855,0,1,0.5,0,0,0.5,1,8,0,0,17250.00,17250.00,"521019000",0
1534629,306,0,0,3,268036,0,1,0.66667,0,0,0.66667,0,0,0,0,295210.00,452169.58,"141211120",0
1535113,189,0,0,3,88056,0,1,0.33333,0,0,0.33333,2,8,0,0,37700.00,45029.00,"433210130",0
1535118,662,0,0,1,134000,0,1,1,0,0,1,0,0,0,0,134000.00,134000.00,"620220190",0
1535495,588,0,0,49,239778,0,1,1,0,0,0.18367,3,0,0,0,169026.62,0.00,"0",0
1536049,413,0.00242,0,1,58750,0,1,1,0,1,1,3,0,0,0,58750.00,0.00,"0",0
1536062,337,0.00297,0,1,67620,0,1,1,0,1,1,3,0,0,0,67620.00,0.00,"0",0
1536606,164,0,0,63,440495,0,1,0.77778,0,0,0.1746,3,0,0,0,205594.60,0.00,"0",0
1536698,588,0,0,77,82366,0,0.98701,0.98701,0,0,0.02597,3,0,0,0,291505.50,0.00,"0",0
1536709,130,0,0,2,49200,0,1,1,0,0,0.5,0,0,0,0,38400.00,0.00,"0",0
1536731,24,0,0,1,382800,0,1,1,0,0,1,3,0,0,0,382800.00,0.00,"0",0
1536732,24,0,0,1,382800,0,1,1,0,0,1,3,0,0,0,382800.00,0.00,"0",0
1537396,598,0,0,3,69052,0,1,1,0,0,0.33333,3,0,0,0,58844.00,0.00,"0",0
1538213,613,0,0,1,800510,0,1,1,0,0,1,3,0,0,0,800510.10,0.00,"0",0
1538223,103,0,0,21,440347,0,1,1,0,0,0.04762,3,0,0,0,114000.00,0.00,"0",0
1538908,598,0,0,1,120000,0,1,1,0,0,1,3,0,0,0,120000.00,0.00,"0",0
1538918,95,0,0,8,62179,0,1,1,0,0,0.125,1,0,0,0,21380.00,0.00,"0",0
1539074,630,0.00317,0,1,3960137,0,1,1,0,1,1,3,0,0,0,3960137.20,0.00,"0",0
1539729,141,0,0,6,175250,0,1,1,0,0,0.33333,3,0,0,0,149000.00,0.00,"0",0
1539868,225,0,0,1,26768,0,1,1,0,0,1,0,0,0,0,26768.12,0.00,"0",0
1540496,653,0,0,1,9209,0,1,1,0,0,1,1,0,0,0,9209.37,0.00,"0",0
1540500,770,0,0,1,395241,0,1,1,0,0,1,0,0,0,0,395241.00,0.00,"0",0
1540654,94,0,0,1,499950,0,1,1,0,0,1,1,0,0,0,499950.00,0.00,"0",0
1541332,93,0,0,125,572028,0,1,1,0,0,0.072,3,0,0,0,17150.00,0.00,"0",0
1541338,753,0.00133,0,9,820259,0,1,1,0,0.11111,0.22222,3,0,0,0,1603950.00,0.00,"0",0
1541361,133,0.00752,0,23,584684,0,1,1,0,0.04348,0.08696,3,0,0,0,428534.13,0.00,"0",0
1541383,360,0.00556,0,2,299575,0,1,1,0,0,1,3,0,0,0,299150.00,0.00,"0",0
1542125,93,0,0,125,572028,0,1,1,0,0,0.112,3,0,0,0,25532.00,0.00,"0",0
1542126,93,0,0,125,572028,0,1,1,0,0,0.112,3,0,0,0,24875.00,0.00,"0",0
1542144,588,0,0,28,906808,0,1,1,0,0,0.14286,3,0,0,0,680119.44,0.00,"0",0
1542884,212,0,0,22,210311,0,1,0.72727,0,0,0.04545,0,0,0,0,81959.68,0.00,"0",0
1542902,485,0,0,23,584684,0,1,1,0,0.04348,0.21739,3,0,0,0,250000.00,0.00,"0",0
1543638,289,0,0,10,108893,0,1,1,0,0,0.3,3,45,0,0,34482.00,57400.00,"0",0
1543831,289,0,0,10,108893,0,1,1,0,0,0.2,3,45,0,1,61200.44,107890.00,"0",0
1544399,634,0,0,1,46930,0,1,1,0,0,1,0,0,0,0,46930.00,78090.00,"0",0
1544402,280,0,0,1,1143429,0,1,1,0,0,1,3,45,0,0,1143429.00,1236144.67,"0",0
1544415,630,0.00317,0,2,5553441,0,1,1,0,0,0.5,3,45,0,0,140000.00,182000.00,"0",0
1544426,179,0,0,1,123844,0,1,1,0,0,1,3,0,0,1,123844.00,282075.00,"0",0
1544461,662,0,0,12,25254,0,1,0.41667,0,0,0.16667,0,0,0,1,90000.00,170000.00,"0",0
1545091,1017,0,0,2,1440348,0,1,1,0,0,0.5,0,0,0,0,97884.36,99375.00,"0",0
1546410,54,0,0,1,44306,0,1,1,0,0,1,0,0,0,0,44306.75,50450.00,"0",0
1546437,2236,0,0,80,2142558,0,1,0.925,0,0,0.075,3,0,0,0,134432.95,134432.95,"0",0
1547028,634,0,0,2,24820,0,1,0.5,0,0,0.5,0,0,0,0,29800.00,29933.33,"0",0
1547942,232,0.00431,0,2,13904,0,1,1,0,0,1,0,45,0,0,14740.00,14740.00,"0",0
1548433,2236,0,0,2,12597129,0,1,1,0,0,0.5,3,45,0,0,23594761.75,24450530.30,"0",0
1548492,662,0,0,1,102160,0,1,1,0,0,1,0,0,0,0,102160.72,134422.00,"0",0
1548585,15,0,0,1,2033568,0,1,1,0,0,1,3,45,0,0,2033568.83,2476108.46,"0",0
1549104,360,0.00556,0,1,284017,0,1,1,0,0,1,3,45,0,0,284017.00,378690.32,"0",0
1549176,43,0,0,5,19827930,0,1,1,0,0,0.2,3,45,0,0,1600000.00,1645583.40,"0",0
1550346,72,0,0,2,336037,0,1,1,0,0,0.5,3,45,0,0,238975.00,315000.00,"0",0
1550384,221,0,0,22,2918178,0,1,0.04545,0,0,0.27273,3,0,0,0,1477770.00,1699671.50,"467112000",0
1550449,215,0,0,1,120800,0,1,1,0,0,1,3,45,0,0,120800.00,167664.54,"0",0
1551847,581,0,0,7,150350,0,1,0.14286,0,0,0.42857,3,0,0,0,63427.36,63746.09,"331229000",0
1551849,675,0,0,4,145672,0,1,0.25,0,0,0.5,3,48,0,0,302400.00,302400.00,"611030190",0
1553233,453,0,0,1,994326,0,1,1,0,0,1,3,0,0,1,994326.20,1988652.25,"812110000",0
1554108,1017,0,0,7,332412,0,1,0.28571,0,0,0.14286,0,47,0,1,97433.00,195299.00,"521019000",0
1554109,1017,0,0,7,332412,0,1,0.28571,0,0,0.28571,0,47,0,0,23000.00,23000.00,"521019000",0
1554110,1017,0,0,1,142500,0,1,1,0,0,1,3,0,0,0,142500.00,142500.00,"521019000",0
1555861,2236,0,0,80,2142558,0,1,0.0125,0,0,0.125,3,0,0,0,604753.33,604753.33,"139919190",0
1555861,2236,0,0,80,2142558,0,1,0.0125,0,0,0.125,3,0,0,0,604753.33,604753.33,"141322110",0
1555861,2236,0,0,80,2142558,0,1,0.0125,0,0,0.125,3,0,0,0,604753.33,604753.33,"141425110",0
1555861,2236,0,0,80,2142558,0,1,0.025,0,0,0.125,3,0,0,0,604753.33,604753.33,"325022126",0
1555882,662,0,0,4,123462,0,1,0,0,0,0.5,3,0,0,0,100000.00,116665.00,"862110120",0
1556824,2236,0,0,80,2142558,0,1,0.0375,0,0,0.1,3,0,0,0,390332.54,390332.54,"325022190",0
1556861,143,0,0,2,49880,0,1,0.5,0,0,0.5,0,0,0,0,89760.00,99840.00,"749012123",0
1557491,588,0,0,98,145738,0,1,0.04082,0,0,0.16327,0,0,0,0,62000.00,65864.00,"108913111",0
1557919,2236,0,0,1,163798,0,1,1,0,0,1,3,0,0,0,163798.60,188274.48,"282216120",0
1557920,2236,0,0,1,311849,0,1,1,0,0,1,3,0,0,0,311849.68,415245.90,"279020120",0
1557981,955,0,0,8,106370,0,1,0.25,0,0,0.125,0,0,0,0,5095.20,7992.00,"869015000",0
1558480,215,0,0,10,1016559,0,1,0.2,0,0,0.2,0,0,0,0,956245.36,1402738.20,"801012000",0
1558542,396,0,0,1,124303,0,1,0,0,0,1,2,8,0,0,124303.80,124303.80,"493939000",0
1558566,955,0,0,5,80056,0,1,0.4,0,0,0.4,0,0,0,0,54351.36,54351.36,"212023192",0
1558585,141,0,0,11,73009,0,1,0.18182,0,0,0.18182,0,0,0,0,70000.00,70000.00,"331216000",0
1558593,140,0,0,1,9724500,0,1,1,0,0,1,3,11,0,0,9724500.00,10802100.00,"682012000",0
1558597,259,0.00386,0,1,264069,0,1,1,0,0,1,3,0,0,0,264069.70,299212.47,"473010000",0
1559163,2236,0,0,1,20783,0,1,1,0,0,1,3,0,0,0,20783.50,21100.00,"323014123",0
1559171,528,0.00379,0,2,55924,0,1,0,0,0,0.5,2,8,0,0,101680.00,101680.00,"821913000",0
1559261,955,0,0,6,58016,0,1,0.16667,0,0,0.16667,0,0,0,0,205900.00,263716.70,"854219000",0
1559271,955,0,0,14,153995,0,1,0.07143,0,0,0.14286,0,0,0,1,72898.00,177800.00,"711212000",0
1559836,634,0,0,31,219727,0,1,0.12903,0,0,0.32258,0,0,0,0,129140.00,129140.00,"192021100",0
1559839,2236,0,0,1,3212423,0,1,1,0,0,1,3,47,0,0,3212423.61,3629857.20,"869019140",0
1559911,653,0,0,1,2000000,0,1,1,0,0,1,3,0,0,0,2000000.00,2000000.00,"452011000",0
1561120,613,0,0,5,633321,0,1,0.4,0,0,0.2,0,0,0,0,676923.00,698097.00,"222929000",0
1561124,92,0,0,3,95666,0,1,0.33333,0,0,0.66667,2,8,0,0,126000.00,126000.00,"829919000",0
1561637,662,0,0,3,39588,0,1,0.33333,0,0,0.33333,0,0,0,0,81250.00,112600.00,"329911130",0
1561647,653,0,0,1,252454,0,1,1,0,0,1,3,0,0,1,252454.90,509020.00,"263011150",0
1561648,653,0,0,1,3800000,0,1,0,0,0,1,0,0,0,0,3800000.00,3800000.00,"452011000",0
1562354,413,0.00242,0,11,93524,0,1,0.09091,0,0,0.18182,0,0,0,0,120960.00,120960.00,"862110190",0
1562899,662,0,0,12,12624,0,1,0.16667,0,0,0.16667,0,0,0,0,11000.00,11800.00,"854193000",0
1563528,54,0,0,29,178253,0,1,0.03448,0,0,0.17241,3,0,0,0,200000.00,200000.00,"861015000",0
1564149,259,0.00386,0,1,111004,0,1,1,0,0,1,3,0,0,0,111004.43,111004.43,"432110290",0
1564164,588,0,0,98,145738,0,1,0.04082,0,0,0.11224,0,0,0,0,70122.00,89993.67,"108913111",0
1564758,2236,0,0,36,595328,0,1,0.11111,0,0,0.08333,0,0,0,0,42213.34,42213.34,"325022190",0
1564794,79,0,0,1,311262,0,1,1,0,0,1,3,47,0,0,311262.12,435331.70,"221930137",0
1565513,189,0,0,17,320136,0,1,0.11765,0,0,0.11765,3,48,0,0,112542.37,112542.37,"619010150",0
1565539,92,0,0,1,325000,0,1,1,0,0,1,0,0,0,0,325000.00,437391.96,"259911191",0
1566336,955,0,0,1,146773,0,1,1,0,0,1,3,0,0,0,146773.33,146773.33,"325021112",0
1567180,333,0,0,1,978542,0,1,1,0,0,1,3,0,0,0,978542.85,978542.85,"433110110",0
1567180,333,0,0,1,978542,0,1,1,0,0,1,3,0,0,0,978542.85,978542.85,"433410130",0
1567485,955,0,0,5,65060,0,1,1,0,0,0.6,0,0,0,0,35000.00,39116.67,"854219000",0
1567663,2236,0,0,9,4149329,0,1,0.11111,0,0,0.22222,3,0,0,0,177408.00,201600.00,"325022125",0
1569908,360,0.00556,0,3,445422,0,1,0.33333,0,0,0.33333,0,0,0,0,1032866.00,1275600.00,"432212150",0
1569910,1017,0,0,4,146102,0,1,0.25,0,0,0.25,0,0,0,0,90000.00,90000.00,"452013000",0
1570378,581,0,0,9,116227,0,1,0.44444,0,0,0.11111,3,13,0,0,55000.00,0.00,"351210110",0
1570481,157,0,0,2,14814,0,1,0.5,0,0,0.5,3,13,0,0,9632.34,0.00,"353011111",0
1570845,955,0,0,4,25700,0,1,1,0,0,0.25,3,170,0,0,50000.00,54700.00,"854219000",0
1570923,278,0,0,8,1382016,0,1,0.5,0,0,0.125,3,13,0,0,200000.00,200000.00,"531012000",0
1571373,2236,0,0,1,27430,0,1,1,0,0,1,3,13,0,0,27430.88,27430.88,"310312120",0
1571387,653,0,0,1,210000,0,1,1,0,0,1,3,13,0,0,210000.00,300000.00,"204120190",0
1571653,770,0,0,6,989025,0,1,0.16667,0,0,0.16667,0,13,0,0,1845210.00,1845210.00,"262016120",0
1571799,278,0,0,5,460384,0,1,0.4,0,0,0.4,0,101,0,0,59805.05,59805.05,"561019119",0
1572556,92,0,0,3,2793652,0,1,0.33333,0,0,0.33333,3,13,0,0,6133971.00,8519404.12,"439119110",0
1573707,2236,0,0,13,1070201,0,1,0.61538,0,0,0.23077,3,13,0,0,1109966.67,1109966.67,"325022110",0
1573827,26,0,0,1849,791955,0.0011,0.99513,0.24337,0,0,0.06814,3,48,0,0,117999.95,0.00,"351210110",0
1574859,753,0.00133,0,2,503295,0,1,0.5,0,0,0.5,3,13,0,0,747747.00,750162.00,"102025111",0
1576859,1017,0,0,5,93952,0,1,0.4,0,0,0.6,0,48,0,0,100000.00,100000.00,"612011000",0
1578979,278,0,0,93,649491,0,0.98925,0.54839,0,0,0.11828,3,63,0,0,120000.00,120000.00,"531012000",0
1581057,77,0,0,2,264963,0,1,1,0,0,0.5,3,13,0,0,191763.42,255750.00,"812110000",0
1581230,179,0,0,2,536693,0,1,1,0,0,0.5,3,13,0,0,870189.80,1160550.00,"812110000",0
1581889,157,0,0,2,264963,0,1,1,0,0,0.5,3,13,0,0,338163.46,451000.00,"812110000",0
1587153,770,0,0,3,772219,0,1,1,0,0,0.33333,3,13,0,0,1330000.00,1330000.00,"511013000",0
1588196,72,0,0,2,536693,0,1,1,0,0,0.5,3,13,0,0,203198.00,271000.00,"812110000",0
1588480,2236,0,0,1,582053,0,1,1,0,0,1,3,13,0,0,582053.79,632667.23,"325022126",0
1589142,752,0,0,2,1784874,0,1,1,0,0,1,3,13,0,0,1913344.00,1915999.50,"192028113",0
1589145,752,0,0,2,1784874,0,1,1,0,0,1,3,13,0,0,1656404.34,1660532.90,"192028113",0
1589444,92,0,0,1,198000,0,1,1,0,0,1,1,8,0,0,198000.00,198000.00,"829919000",0
1590990,215,0,0,7,476578,0,1,0.14286,0,0,0.28571,0,13,0,0,55012.00,60433.34,"181212000",0
1591006,955,0,0,1,228707,0,1,1,0,0,1,3,13,0,0,228707.60,228981.65,"211054110",0
1591544,581,0,0,2,15147,0,1,0.5,0,0,0.5,0,37,0,0,23895.00,32940.00,"854219000",0
1592364,1017,0,0,1,227289,0,1,1,0,0,1,3,13,0,0,227289.24,303052.32,"432110290",0
1593066,413,0.00242,0,1,29000,0,1,1,0,0,1,3,13,0,0,29000.00,40000.00,"854219900",0
1593705,396,0,0,1,117440,0,1,1,0,0,1,1,8,0,0,117440.40,117440.40,"811010000",0
1594212,212,0,0,4,31700,0,1,1,0,0,0.25,3,37,0,0,33200.00,48858.36,"854219000",0
1600129,496,0,0,31,1153602,0,1,0.22581,0,0,0.09677,0,13,0,0,2163378.00,2163378.00,"192021100",0
1600129,496,0,0,31,1153602,0,1,0.25806,0,0,0.09677,0,13,0,0,2163378.00,2163378.00,"192021300",0
1603873,34,0,0,7,108549,0,1,0.14286,0,0,0.28571,3,13,0,0,115000.00,133666.67,"432912110",0
1605884,955,0,0,15,51526,0,1,0.06667,0,0,0.33333,3,13,0,0,36284.55,37407.95,"212023192",0
